[LTE] [L1] [RF] PCI,[LTE] [L1] [RF] RSRP,[LTE] [L1] [RF] RS SINR,[General] Band Classification,[General] Serving Network (In Traffic),[NR5G] [RF] PCI,[NR5G] [RF] RSRP,[NR5G] [RF] SINR,[Call Test] [iPerf] [Throughput] DL Jitter,[Call Test] [iPerf] [Throughput] DL Error Ratio,[Call Test] [iPerf] [Call Average] [Jitter and Error] UL Jitter,[Call Test] [iPerf] [Call Average] [Jitter and Error] UL Error Ratio,[Event] [Data call test detail events] FTP Call Event,[Event] [Data call test detail events] HTTP Call Event,[Call Test] [HTTP Transfer] HTTP Transfer Call Event,[Event] [Data call test detail events] IPERF Call Event,[Event] [Data call test detail events] Ping Call Event,[Call Test] [HTTP] Total duration,[Call Test] [PING] Loss Count,[Call Test] [PING] [RTT] RTT,[NR5G] [(NR + LTE)] [Throughput] PDSCH TP,[NR5G] [(NR + LTE)] [Throughput] PUSCH TP
,,,,,,,,,,,,,,,,,,,,,
,,,N41(x),,902,-69.000000,14.000000,,,,,,,,,,,,,,
,,,N41(x),,902,-69.620000,14.770000,,,,,,,,,,,,,0.000,
,,,N41(x),,902,-71.860000,14.760000,,,,,,,,,,,,,,
,,,N41(x),,902,-68.480000,13.690000,,,,,,,,,,,,,0.000,
,,,N41(x),,902,-67.730000,15.580000,,,,,,,,,,,,,,
,,,N41(x),,902,-66.430000,15.990000,,,,,,,,,,,,,,
,,,N41(x),,902,-65.920000,15.320000,,,,,,,,,,,,,0.000,
,,,N41(x),,902,-65.260000,17.230000,,,,,,,,,,,,,,
,,,N41(x),NR SA,902,-65.540000,15.460000,,,,,,,,,,,,,,
,,,N41(40),NR SA,902,-73.890000,14.100000,,,,,,,,,,,,,0.746,0.684
,,,N41(40),NR SA,902,-71.150000,13.640000,,,,,,,,,,,,,0.762,0.517
,,,N41(40),NR SA,902,-70.380000,14.970000,,,,,,,,,,,,,0.139,0.446
,,,N41(40),NR SA,902,-69.640000,15.200000,,,,,,,,,,,,,0.000,
,,,N41(40),NR SA,902,-70.170000,14.630000,,,,,,,,,,,,,0.000,0.000
,,,N41(40),NR SA,902,-69.250000,14.980000,,,,,,,,,,,,,0.000,
,,,N41(40),NR SA,902,-68.610000,15.520000,,,,,,,,,,,,,0.000,
,,,N41(40)+N71(x)+N25(x)+N41(x),NR SA,902,-68.220000,15.530000,,,,,,,,,,,,,0.068,0.361
,,,N41(40)+N71(x)+N25(x)+N41(x),NR SA,902,-70.730000,13.320000,,,,,,,,,,,,,0.065,0.051
,,,N41(40)+N71(x)+N25(x)+N41(x),NR SA,902,-72.090000,13.220000,,,,,,,,,,,,,0.000,
,,,N41(40)+N71(x)+N25(x)+N41(x),NR SA,902,-72.970000,13.530000,,,,,,,,,,,,,0.000,
,,,N41(40)+N71(x)+N25(x)+N41(x),NR SA,902,-72.070000,13.850000,,,,,,,,,,,,,0.000,
,,,N41(40)+N71(x)+N25(x)+N41(x),NR SA,902,-72.300000,13.680000,,,,,,,,,,,,,0.000,
,,,N41(40)+N71(x)+N25(x)+N41(x),NR SA,902,-71.840000,15.210000,,,,,,,,,,,,,0.000,
,,,N41(40)+N71(x)+N25(x)+N41(x),NR SA,902,-71.280000,16.550000,,,,,,,,,,,,,0.000,
,,,N41(40)+N71(x)+N25(x)+N41(x),NR SA,902,-69.070000,18.680000,,,,,,,,,,,,,0.002,0.236
,,,,NR SA,,,,,,,,,,,,,,,,0.078,0.412
,,,,NR SA,,,,,,,,,,,,,,,,,
,,,,NR SA,,,,,,,,,,,,,,,,,
,,,,NR SA,,,,,,,,,,,,,,,,,
,,,,NR SA,,,,,,,,,,,,,,,,,
,,,,NR SA,,,,,,,,,,,,,,,,,
,,,,NR SA,,,,,,,,,,,,,,,,,
,,,,NR SA,,,,,,,,,,,,,,,,,
,,,,NR SA,,,,,,,,,,,,,,,,,
,,,N41(40),NR SA,902,-71.370000,13.940000,,,,,,,,,,,,,0.038,0.231
,,,N41(40),NR SA,902,-69.510000,14.880000,,,,,,,,,,,,,0.004,0.097
,,,N41(40),NR SA,902,-68.320000,13.620000,,,,,,,,,,,,,0.153,0.374
,,,N41(40),NR SA,902,-69.710000,13.540000,,,,,,,,,,,,,0.330,0.389
,,,N41(40),NR SA,902,-68.840000,15.100000,,,,,,,,,,,,,0.031,0.119
,,,N41(40),NR SA,902,-67.510000,19.390000,,,,,,,,,,,,,0.149,0.181
,,,N41(40),NR SA,902,-67.310000,21.230000,,,,,,,,,,,,,0.017,0.083
,,,N41(40),NR SA,902,-66.660000,20.850000,,,,,,,,,,,,,0.014,0.161
,,,N41(40),NR SA,902,-69.420000,16.840000,,,,,,,,,,,,,0.021,0.013
,,,N41(40),NR SA,902,-71.660000,15.100000,,,,,,,,,,,,,0.008,0.086
,,,N41(40)+N71(x)+N25(x)+N41(x),NR SA,902,-72.120000,15.470000,,,,,,,,,,,,,14.788,0.842
,,,N41(40)+N71(x)+N25(x)+N41(x),NR SA,902,-73.950000,15.240000,,,,,,,,,,,,,305.266,2.150
,,,N41(40)+N71(x)+N25(x)+N41(x),NR SA,902,-75.440000,16.030000,,,,,,,,,,,,,511.975,3.494
,,,N41(40)+N71(x)+N25(x)+N41(x),NR SA,902,-74.540000,16.870000,,,,,,,,,,,,,323.745,3.355
,,,N41(40)+N71(x)+N25(x)+N41(x),NR SA,902,-69.340000,19.880000,,,,,,,,,,,,,0.000,
,,,N41(40)+N71(x)+N25(x)+N41(x),NR SA,902,-68.340000,19.920000,,,,,,,,,,,,,0.083,0.482
,,,N41(40)+N71(x)+N25(x)+N41(x),NR SA,902,-68.970000,20.000000,,,,,,,,,,,,,0.117,0.074
,,,N41(40)+N71(x)+N25(x)+N41(x),NR SA,902,-70.030000,19.560000,,,,,,,,,,,,,0.000,0.055
,,,N41(40)+N71(x)+N25(x)+N41(x),NR SA,902,-72.850000,18.860000,,,,,,,,,,,,,0.051,0.329
,,,N41(40)+N71(x)+N25(x)+N41(x),NR SA,902,-71.260000,19.300000,,,,,,,,,,,,,0.088,0.055
,,,N41(40)+N71(x)+N25(x)+N41(x),NR SA,902,-71.810000,19.110000,,,,,,,,,,,,,0.002,0.478
,,,N41(40)+N71(x)+N25(x)+N41(x),NR SA,902,-71.580000,17.500000,,,,,,,,,,,,,0.002,0.458
,,,,NR SA,,,,,,,,,,,,,,,,,
,,,,NR SA,,,,,,,,,,,,,,,,,
,,,,NR SA,,,,,,,,,,,,,,,,,
,,,,NR SA,,,,,,,,,,,,,,,,,
,,,,NR SA,,,,,,,,,,,,,,,,,
,,,,NR SA,,,,,,,,,,,,,,,,,
,,,,NR SA,,,,,,,,,,,,,,,,,
,,,,NR SA,,,,,,,,,,,,,,,,,
,,,N41(40),NR SA,902,-68.480000,22.160000,,,,,,,,,,,,,0.001,0.205
,,,N41(40),NR SA,902,-65.500000,20.450000,,,,,,,,,,,,,0.005,0.118
,,,N41(40),NR SA,902,-66.080000,17.550000,,,,,,,,,,,,,0.102,0.277
,,,N41(40),NR SA,902,-74.050000,19.140000,,,,,,,,,,,,,0.355,0.364
,,,N41(40),NR SA,902,-75.860000,17.020000,,,,,,,,,,,,,0.019,0.112
,,,N41(40),NR SA,902,-70.860000,15.550000,,,,,,,,,,,,,0.004,0.321
,,,N41(40),NR SA,902,-67.200000,17.070000,,,,,,,,,,,,,0.000,
,,,N41(40),NR SA,902,-65.580000,18.860000,,,,,,,,,,,,,0.000,
,,,N41(40),NR SA,902,-69.170000,17.940000,,,,,,,,,,,,,0.005,0.118
,,,N41(40),NR SA,902,-61.930000,21.170000,,,,,,,,,,,,,0.000,0.204
,,,N41(40),NR SA,902,-60.860000,20.920000,,,,,,,,,,,,,0.000,0.824
,,,N41(40)+N71(x)+N25(x)+N41(x),NR SA,902,-64.350000,20.880000,,,,,,,,,,,,,13.862,0.993
,,,N41(40)+N71(x)+N25(x)+N41(x),NR SA,902,-67.630000,19.660000,,,,,,,,,,,,,319.640,2.233
,,,N41(40)+N71(x)+N25(x)+N41(x),NR SA,902,-67.750000,19.120000,,,,,,,,,,,,,542.682,3.639
,,,N41(40)+N71(x)+N25(x)+N41(x),NR SA,902,-67.530000,18.190000,,,,,,,,,,,,,266.074,3.023
,,,N41(40)+N71(x)+N25(x)+N41(x),NR SA,902,-63.160000,19.800000,,,,,,,,,,,,,0.000,
,,,N41(40)+N71(x)+N25(x)+N41(x),NR SA,902,-63.440000,18.990000,,,,,,,,,,,,,0.326,0.717
,,,N41(40)+N71(x)+N25(x)+N41(x),NR SA,902,-67.560000,17.550000,,,,,,,,,,,,,0.043,0.009
,,,N41(40)+N71(x)+N25(x)+N41(x),NR SA,902,-63.870000,20.000000,,,,,,,,,,,,,0.000,0.001
,,,N41(40)+N71(x)+N25(x)+N41(x),NR SA,902,-63.360000,19.580000,,,,,,,,,,,,,0.000,
,,,N41(40)+N71(x)+N25(x)+N41(x),NR SA,902,-63.500000,19.980000,,,,,,,,,,,,,0.002,0.504
,,,N41(40)+N71(x)+N25(x)+N41(x),NR SA,902,-66.410000,20.550000,,,,,,,,,,,,,0.002,0.540
,,,,NR SA,,,,,,,,,,,,,,,,,
,,,,NR SA,,,,,,,,,,,,,,,,,
,,,,NR SA,,,,,,,,,,,,,,,,,
,,,,NR SA,,,,,,,,,,,,,,,,,
,,,,NR SA,,,,,,,,,,,,,,,,,
,,,,NR SA,,,,,,,,,,,,,,,,,
,,,,NR SA,,,,,,,,,,,,,,,,,
,,,,NR SA,,,,,,,,,,,,,,,,,
,,,N41(x),NR SA,902,-63.810000,19.530000,,,,,,,,,,,,,0.000,0.000
,,,N41(40),NR SA,902,-64.190000,19.160000,,,,,,,,,,,,,0.012,0.063
,,,N41(40),NR SA,902,-62.240000,22.410000,,,,,,,,,,,,,0.082,0.234
,,,N41(40),NR SA,902,-66.050000,19.230000,,,,,,,,,,,,,0.339,0.376
,,,N41(40),NR SA,902,-65.210000,19.360000,,,,,,,,,,,,,0.066,0.105
,,,N41(40),NR SA,902,-64.690000,17.680000,,,,,,,,,,,,,0.005,0.061
,,,N41(40),NR SA,902,-66.080000,16.150000,,,,,,,,,,,,,0.000,0.394
,,,N41(40),NR SA,902,-64.980000,16.300000,,,,,,,,,,,,,0.000,
,,,N41(40),NR SA,902,-66.000000,14.990000,,,,,,,,,,,,,0.005,0.011
,,,N41(40),NR SA,902,-67.110000,15.130000,,,,,,,,,,,,,0.000,0.021
,,,N41(40),NR SA,902,-66.690000,17.560000,,,,,,,,,,,,,0.008,0.621
,,,N41(40),NR SA,902,-70.900000,17.490000,,,,,,,,,,,,,0.488,0.459
,,,N41(40)+N71(x)+N25(x)+N41(x),NR SA,902,-70.400000,17.370000,,,,,,,,,,,,,88.475,1.411
,,,N41(40)+N71(x)+N25(x)+N41(x),NR SA,902,-71.750000,18.000000,,,,,,,,,,,,,361.974,2.262
,,,N41(40)+N71(x)+N25(x)+N41(x),NR SA,902,-71.630000,19.570000,,,,,,,,,,,,,491.769,3.317
,,,N41(40)+N71(x)+N25(x)+N41(x),NR SA,902,-71.580000,19.970000,,,,,,,,,,,,,185.920,2.400
,,,N41(40)+N71(x)+N25(x)+N41(x),NR SA,902,-67.490000,21.950000,,,,,,,,,,,,,0.000,1.307
,,,N41(40)+N71(x)+N25(x)+N41(x),NR SA,902,-67.340000,20.420000,,,,,,,,,,,,,0.281,0.443
,,,N41(40)+N71(x)+N25(x)+N41(x),NR SA,902,-70.910000,17.340000,,,,,,,,,,,,,0.001,0.084
,,,N41(40)+N71(x)+N25(x)+N41(x),NR SA,902,-69.250000,18.160000,,,,,,,,,,,,,0.000,0.525
,,,N41(40)+N71(x)+N25(x)+N41(x),NR SA,902,-65.550000,19.290000,,,,,,,,,,,,,0.000,0.394
,,,N41(40)+N71(x)+N25(x)+N41(x),NR SA,902,-64.570000,19.880000,,,,,,,,,,,,,0.066,0.319
,,,,NR SA,,,,,,,,,,,,,,,,,
,,,,NR SA,,,,,,,,,,,,,,,,,
,,,,NR SA,,,,,,,,,,,,,,,,,
,,,,NR SA,,,,,,,,,,,,,,,,,
,,,,NR SA,,,,,,,,,,,,,,,,,
,,,,NR SA,,,,,,,,,,,,,,,,,
,,,,NR SA,,,,,,,,,,,,,,,,,
,,,,NR SA,,,,,,,,,,,,,,,,,
,,,,NR SA,,,,,,,,,,,,,,,,,
,,,N41(40),NR SA,902,-66.670000,16.550000,,,,,,,,,,,,,0.013,0.058
,,,N41(40),NR SA,902,-63.700000,17.450000,,,,,,,,,,,,,0.097,0.361
,,,N41(40),NR SA,902,-65.620000,17.580000,,,,,,,,,,,,,0.317,0.359
,,,N41(40),NR SA,902,-65.460000,18.410000,,,,,,,,,,,,,0.026,0.176
,,,N41(40),NR SA,902,-64.720000,19.900000,,,,,,,,,,,,,0.003,0.769
,,,N41(40),NR SA,902,-65.410000,19.680000,,,,,,,,,,,,,0.000,
,,,N41(40),NR SA,902,-64.220000,20.660000,,,,,,,,,,,,,,
,,,N41(40),NR SA,902,-63.830000,20.650000,,,,,,,,,,,,,0.004,0.001
,,,N41(40),NR SA,902,-64.400000,22.160000,,,,,,,,,,,,,0.140,0.520
,,,N41(40),NR SA,902,-67.010000,20.210000,,,,,,,,,,,,,0.000,
,,,N41(40),NR SA,902,-63.140000,23.010000,,,,,,,,,,,,,0.000,0.206
,,,N41(40)+N71(x)+N25(x)+N41(x),NR SA,902,-65.190000,19.110000,,,,,,,,,,,,,0.582,0.897
,,,N41(40)+N71(x)+N25(x)+N41(x),NR SA,902,-68.640000,17.380000,,,,,,,,,,,,,194.370,1.621
,,,N41(40)+N71(x)+N25(x)+N41(x),NR SA,902,-70.250000,18.580000,,,,,,,,,,,,,497.699,3.406
,,,N41(40)+N71(x)+N25(x)+N41(x),NR SA,902,-70.760000,19.160000,,,,,,,,,,,,,473.536,3.451
,,,N41(40)+N71(x)+N25(x)+N41(x),NR SA,902,-68.340000,19.190000,,,,,,,,,,,,,0.000,1.902
,,,N41(40)+N71(x)+N25(x)+N41(x),NR SA,902,-64.630000,21.900000,,,,,,,,,,,,,0.046,0.466
,,,N41(40)+N71(x)+N25(x)+N41(x),NR SA,902,-68.110000,19.400000,,,,,,,,,,,,,0.571,0.653
,,,N41(40)+N71(x)+N25(x)+N41(x),NR SA,902,-68.970000,19.530000,,,,,,,,,,,,,0.000,
,,,N41(40)+N71(x)+N25(x)+N41(x),NR SA,902,-66.110000,21.210000,,,,,,,,,,,,,0.000,
,,,N41(40)+N71(x)+N25(x)+N41(x),NR SA,902,-65.970000,17.800000,,,,,,,,,,,,,0.007,0.146
,,,,NR SA,,,,,,,,,,,,,,,,,
,,,,NR SA,,,,,,,,,,,,,,,,,
,,,,NR SA,,,,,,,,,,,,,,,,,
,,,,NR SA,,,,,,,,,,,,,,,,,
,,,,NR SA,,,,,,,,,,,,,,,,,
,,,,NR SA,,,,,,,,,,,,,,,,,
,,,,NR SA,,,,,,,,,,,,,,,,,
,,,,NR SA,,,,,,,,,,,,,,,,,
,,,,NR SA,,,,,,,,,,,,,,,,,
,,,N41(40),NR SA,902,-66.370000,18.980000,,,,,,,,,,,,,0.014,0.096
,,,N41(40),NR SA,902,-63.240000,20.480000,,,,,,,,,,,,,0.049,0.157
,,,N41(40),NR SA,902,-65.440000,19.800000,,,,,,,,,,,,,0.533,0.516
,,,N41(40),NR SA,902,-65.750000,18.860000,,,,,,,,,,,,,0.024,0.102
,,,N41(40),NR SA,902,-64.620000,21.800000,,,,,,,,,,,,,0.004,0.032
,,,N41(40),NR SA,902,-64.240000,21.570000,,,,,,,,,,,,,0.000,
,,,N41(40),NR SA,902,-62.950000,23.140000,,,,,,,,,,,,,0.000,
,,,N41(40),NR SA,902,-62.820000,24.220000,,,,,,,,,,,,,0.003,0.001
,,,N41(40),NR SA,902,-63.840000,23.040000,,,,,,,,,,,,,0.565,0.743
,,,N41(40)+N71(x)+N25(x)+N41(x),NR SA,902,-67.590000,20.710000,,,,,,,,,,,,,64.729,1.124
,,,N41(40)+N71(x)+N25(x)+N41(x),NR SA,902,-69.540000,20.890000,,,,,,,,,,,,,365.486,2.372
,,,N41(40)+N71(x)+N25(x)+N41(x),NR SA,902,-70.370000,21.200000,,,,,,,,,,,,,545.292,3.554
,,,N41(40)+N71(x)+N25(x)+N41(x),NR SA,902,-69.240000,21.570000,,,,,,,,,,,,,161.331,2.411
,,,N41(40)+N71(x)+N25(x)+N41(x),NR SA,902,-64.660000,26.770000,,,,,,,,,,,,,0.000,1.812
,,,N41(40)+N71(x)+N25(x)+N41(x),NR SA,902,-65.330000,25.010000,,,,,,,,,,,,,0.223,0.603
,,,N41(40)+N71(x)+N25(x)+N41(x),NR SA,902,-67.590000,23.200000,,,,,,,,,,,,,0.000,
,,,N41(40)+N71(x)+N25(x)+N41(x),NR SA,902,-65.290000,24.680000,,,,,,,,,,,,,0.004,0.170
,,,,NR SA,,,,,,,,,,,,,,,,,
,,,,NR SA,,,,,,,,,,,,,,,,,
,,,,NR SA,,,,,,,,,,,,,,,,,
,,,,NR SA,,,,,,,,,,,,,,,,,
,,,,NR SA,,,,,,,,,,,,,,,,,
,,,,NR SA,,,,,,,,,,,,,,,,,
,,,,NR SA,,,,,,,,,,,,,,,,,
,,,,NR SA,,,,,,,,,,,,,,,,,
,,,N41(40),NR SA,902,-65.890000,20.580000,,,,,,,,,,,,,0.001,0.062
,,,N41(40),NR SA,902,-63.020000,23.810000,,,,,,,,,,,,,0.069,0.120
,,,N41(40),NR SA,902,-67.460000,18.660000,,,,,,,,,,,,,0.278,0.341
,,,N41(40),NR SA,902,-68.290000,18.960000,,,,,,,,,,,,,0.166,0.181
,,,N41(40),NR SA,902,-66.150000,21.010000,,,,,,,,,,,,,0.015,0.267
,,,N41(40),NR SA,902,-63.200000,22.810000,,,,,,,,,,,,,0.002,0.001
,,,N41(40),NR SA,902,-62.910000,21.490000,,,,,,,,,,,,,0.000,
,,,N41(40),NR SA,902,-63.280000,21.150000,,,,,,,,,,,,,0.002,0.001
,,,N41(40),NR SA,902,-63.930000,21.730000,,,,,,,,,,,,,0.008,0.381
,,,N41(40),NR SA,902,-67.240000,17.350000,,,,,,,,,,,,,0.455,0.534
,,,N41(40)+N71(x)+N25(x)+N41(x),NR SA,902,-68.580000,16.720000,,,,,,,,,,,,,105.156,1.164
,,,N41(40)+N71(x)+N25(x)+N41(x),NR SA,902,-70.240000,16.580000,,,,,,,,,,,,,392.396,2.658
,,,N41(40)+N71(x)+N25(x)+N41(x),NR SA,902,-71.210000,16.790000,,,,,,,,,,,,,462.654,3.685
,,,N41(40)+N71(x)+N25(x)+N41(x),NR SA,902,-71.190000,17.440000,,,,,,,,,,,,,151.096,2.833
,,,N41(40)+N71(x)+N25(x)+N41(x),NR SA,902,-68.050000,19.190000,,,,,,,,,,,,,0.003,0.612
,,,N41(40)+N71(x)+N25(x)+N41(x),NR SA,902,-70.860000,17.570000,,,,,,,,,,,,,0.362,0.595
,,,N41(40)+N71(x)+N25(x)+N41(x),NR SA,902,-71.620000,17.790000,,,,,,,,,,,,,0.121,0.261
,,,N41(40)+N71(x)+N25(x)+N41(x),NR SA,902,-67.650000,19.290000,,,,,,,,,,,,,0.001,0.001
,,,N41(40)+N71(x)+N25(x)+N41(x),NR SA,902,-66.450000,19.310000,,,,,,,,,,,,,0.012,0.153
,,,,NR SA,,,,,,,,,,,,,,,,0.008,0.016
,,,,NR SA,,,,,,,,,,,,,,,,,
,,,,NR SA,,,,,,,,,,,,,,,,,
,,,,NR SA,,,,,,,,,,,,,,,,,
,,,,NR SA,,,,,,,,,,,,,,,,,
,,,,NR SA,,,,,,,,,,,,,,,,,
,,,,NR SA,,,,,,,,,,,,,,,,,
,,,,NR SA,,,,,,,,,,,,,,,,,
,,,,NR SA,,,,,,,,,,,,,,,,,
,,,N41(40),NR SA,902,-70.340000,14.020000,,,,,,,,,,,,,0.015,0.077
,,,N41(40),NR SA,902,-67.900000,13.670000,,,,,,,,,,,,,0.072,0.164
,,,N41(40),NR SA,902,-68.050000,16.080000,,,,,,,,,,,,,0.257,0.286
,,,N41(40),NR SA,902,-67.460000,16.300000,,,,,,,,,,,,,0.159,0.122
,,,N41(40),NR SA,902,-66.700000,17.350000,,,,,,,,,,,,,0.012,0.085
,,,N41(40),NR SA,902,-64.320000,20.620000,,,,,,,,,,,,,0.002,0.001
,,,N41(40),NR SA,902,-66.820000,18.660000,,,,,,,,,,,,,0.000,
,,,N41(40),NR SA,902,-69.710000,17.740000,,,,,,,,,,,,,0.002,0.302
,,,N41(40),NR SA,902,-65.340000,20.680000,,,,,,,,,,,,,0.127,0.488
,,,N41(40),NR SA,902,-67.890000,17.110000,,,,,,,,,,,,,0.365,0.686
,,,N41(40)+N71(x)+N25(x)+N41(x),NR SA,902,-68.000000,17.140000,,,,,,,,,,,,,160.639,1.548
,,,N41(40)+N71(x)+N25(x)+N41(x),NR SA,902,-69.900000,16.030000,,,,,,,,,,,,,426.786,2.799
,,,N41(40)+N71(x)+N25(x)+N41(x),NR SA,902,-70.830000,15.780000,,,,,,,,,,,,,446.303,3.627
,,,N41(40)+N71(x)+N25(x)+N41(x),NR SA,902,-69.500000,16.180000,,,,,,,,,,,,,106.568,1.555
,,,N41(40)+N71(x)+N25(x)+N41(x),NR SA,902,-66.820000,15.610000,,,,,,,,,,,,,0.005,0.059
,,,N41(40)+N71(x)+N25(x)+N41(x),NR SA,902,-68.540000,17.180000,,,,,,,,,,,,,0.297,0.604
,,,N41(40)+N71(x)+N25(x)+N41(x),NR SA,902,-68.700000,17.440000,,,,,,,,,,,,,0.014,0.002
,,,N41(40)+N71(x)+N25(x)+N41(x),NR SA,902,-67.600000,18.190000,,,,,,,,,,,,,0.006,0.097
,,,,NR SA,,,,,,,,,,,,,,,,0.002,0.014
,,,,NR SA,,,,,,,,,,,,,,,,,
,,,,NR SA,,,,,,,,,,,,,,,,,
,,,,NR SA,,,,,,,,,,,,,,,,,
,,,,NR SA,,,,,,,,,,,,,,,,,
,,,,NR SA,,,,,,,,,,,,,,,,,
,,,,NR SA,,,,,,,,,,,,,,,,,
,,,,NR SA,,,,,,,,,,,,,,,,,
,,,,NR SA,,,,,,,,,,,,,,,,,
,,,N41(40),NR SA,902,-66.010000,20.070000,,,,,,,,,,,,,0.001,0.066
,,,N41(40),NR SA,902,-66.230000,18.770000,,,,,,,,,,,,,0.042,0.227
,,,N41(40),NR SA,902,-67.560000,20.700000,,,,,,,,,,,,,0.482,0.567
,,,N41(40),NR SA,902,-66.160000,18.730000,,,,,,,,,,,,,0.218,0.159
,,,N41(40),NR SA,902,-66.030000,18.020000,,,,,,,,,,,,,0.011,0.047
,,,N41(40),NR SA,902,-63.840000,18.790000,,,,,,,,,,,,,0.002,0.001
,,,N41(40),NR SA,902,-63.600000,18.540000,,,,,,,,,,,,,0.000,
,,,N41(40),NR SA,902,-63.890000,18.070000,,,,,,,,,,,,,0.003,0.001
,,,N41(40),NR SA,902,-63.880000,17.730000,,,,,,,,,,,,,0.002,
,,,N41(40)+N71(x)+N25(x)+N41(x),NR SA,902,-65.290000,18.290000,,,,,,,,,,,,,0.227,0.416
,,,N41(40)+N71(x)+N25(x)+N41(x),NR SA,902,-71.220000,16.470000,,,,,,,,,,,,,55.692,1.006
,,,N41(40)+N71(x)+N25(x)+N41(x),NR SA,902,-71.130000,17.130000,,,,,,,,,,,,,240.100,1.642
,,,N41(40)+N71(x)+N25(x)+N41(x),NR SA,902,-71.170000,17.400000,,,,,,,,,,,,,448.349,2.950
,,,N41(40)+N71(x)+N25(x)+N41(x),NR SA,902,-70.440000,17.110000,,,,,,,,,,,,,467.494,3.274
,,,N41(40)+N71(x)+N25(x)+N41(x),NR SA,902,-67.530000,20.350000,,,,,,,,,,,,,61.137,2.053
,,,N41(40)+N71(x)+N25(x)+N41(x),NR SA,902,-64.510000,22.060000,,,,,,,,,,,,,0.103,0.994
,,,N41(40)+N71(x)+N25(x)+N41(x),NR SA,902,-67.220000,19.540000,,,,,,,,,,,,,0.178,0.539
,,,N41(40)+N71(x)+N25(x)+N41(x),NR SA,902,-67.810000,18.690000,,,,,,,,,,,,,0.157,0.581
,,,N41(40)+N71(x)+N25(x)+N41(x),NR SA,902,-68.940000,17.320000,,,,,,,,,,,,,0.032,0.161
,,,,NR SA,,,,,,,,,,,,,,,,,
,,,,NR SA,,,,,,,,,,,,,,,,,
,,,,NR SA,,,,,,,,,,,,,,,,,
,,,,NR SA,,,,,,,,,,,,,,,,,
,,,,NR SA,,,,,,,,,,,,,,,,,
,,,,NR SA,,,,,,,,,,,,,,,,,
,,,,NR SA,,,,,,,,,,,,,,,,,
,,,,NR SA,,,,,,,,,,,,,,,,,
,,,,NR SA,,,,,,,,,,,,,,,,,
,,,N41(40),NR SA,902,-67.930000,15.700000,,,,,,,,,,,,,0.018,0.141
,,,N41(40),NR SA,902,-63.170000,20.740000,,,,,,,,,,,,,0.024,0.140
,,,N41(40),NR SA,902,-65.980000,21.380000,,,,,,,,,,,,,0.186,0.297
,,,N41(40),NR SA,902,-65.450000,23.570000,,,,,,,,,,,,,0.223,0.157
,,,N41(40),NR SA,902,-66.450000,22.330000,,,,,,,,,,,,,0.012,0.082
,,,N41(40),NR SA,902,-64.590000,22.750000,,,,,,,,,,,,,0.002,0.001
,,,N41(40),NR SA,902,-63.740000,22.910000,,,,,,,,,,,,,0.000,
,,,N41(40),NR SA,902,-63.110000,22.950000,,,,,,,,,,,,,0.001,0.001
,,,N41(40),NR SA,902,-62.870000,22.030000,,,,,,,,,,,,,0.378,0.517
,,,N41(40)+N71(x)+N25(x)+N41(x),NR SA,902,-66.490000,20.520000,,,,,,,,,,,,,149.983,1.542
,,,N41(40)+N71(x)+N25(x)+N41(x),NR SA,902,-68.110000,20.370000,,,,,,,,,,,,,480.485,3.143
,,,N41(40)+N71(x)+N25(x)+N41(x),NR SA,902,-68.190000,20.670000,,,,,,,,,,,,,440.236,3.616
,,,N41(40)+N71(x)+N25(x)+N41(x),NR SA,902,-69.260000,20.020000,,,,,,,,,,,,,60.118,2.106
,,,N41(40)+N71(x)+N25(x)+N41(x),NR SA,902,-67.390000,19.050000,,,,,,,,,,,,,0.107,0.548
,,,N41(40)+N71(x)+N25(x)+N41(x),NR SA,902,-71.380000,22.490000,,,,,,,,,,,,,0.151,0.557
,,,N41(40)+N71(x)+N25(x)+N41(x),NR SA,902,-72.160000,22.950000,,,,,,,,,,,,,0.000,0.000
,,,N41(40)+N71(x)+N25(x)+N41(x),NR SA,902,-70.210000,18.170000,,,,,,,,,,,,,0.008,0.281
,,,,NR SA,,,,,,,,,,,,,,,,,
,,,,NR SA,,,,,,,,,,,,,,,,,
,,,,NR SA,,,,,,,,,,,,,,,,,
,,,,NR SA,,,,,,,,,,,,,,,,,
,,,,NR SA,,,,,,,,,,,,,,,,,
,,,,NR SA,,,,,,,,,,,,,,,,,
,,,,NR SA,,,,,,,,,,,,,,,,,
,,,,NR SA,,,,,,,,,,,,,,,,,
,,,,NR SA,,,,,,,,,,,,,,,,,
,,,N41(40),NR SA,902,-69.010000,20.150000,,,,,,,,,,,,,0.001,0.075
,,,N41(40),NR SA,902,-66.640000,18.710000,,,,,,,,,,,,,0.028,0.171
,,,N41(40),NR SA,902,-69.180000,15.680000,,,,,,,,,,,,,0.208,0.333
,,,N41(40),NR SA,902,-70.390000,16.170000,,,,,,,,,,,,,0.243,0.142
,,,N41(40),NR SA,902,-69.780000,16.610000,,,,,,,,,,,,,0.008,0.055
,,,N41(40),NR SA,902,-70.580000,18.450000,,,,,,,,,,,,,0.002,0.001
,,,N41(40),NR SA,902,-70.830000,18.690000,,,,,,,,,,,,,0.000,
,,,N41(40),NR SA,902,-69.870000,18.500000,,,,,,,,,,,,,0.003,0.031
,,,N41(40),NR SA,902,-69.420000,15.730000,,,,,,,,,,,,,0.201,0.441
,,,N41(40),NR SA,902,-68.470000,15.930000,,,,,,,,,,,,,0.356,0.488
,,,N41(40)+N71(x)+N25(x)+N41(x),NR SA,902,-69.520000,15.280000,,,,,,,,,,,,,90.928,1.195
,,,N41(40)+N71(x)+N25(x)+N41(x),NR SA,902,-71.980000,15.600000,,,,,,,,,,,,,363.684,2.486
,,,N41(40)+N71(x)+N25(x)+N41(x),NR SA,902,-72.540000,14.990000,,,,,,,,,,,,,509.893,3.389
,,,N41(40)+N71(x)+N25(x)+N41(x),NR SA,902,-71.990000,17.500000,,,,,,,,,,,,,168.050,2.620
,,,N41(40)+N71(x)+N25(x)+N41(x),NR SA,902,-67.790000,18.600000,,,,,,,,,,,,,0.056,0.756
,,,N41(40)+N71(x)+N25(x)+N41(x),NR SA,902,-69.820000,17.920000,,,,,,,,,,,,,0.449,0.584
,,,N41(40)+N71(x)+N25(x)+N41(x),NR SA,902,-69.270000,18.300000,,,,,,,,,,,,,0.000,
,,,N41(40)+N71(x)+N25(x)+N41(x),NR SA,902,-69.630000,17.120000,,,,,,,,,,,,,0.000,0.239
,,,N41(40)+N71(x)+N25(x)+N41(x),NR SA,902,-70.490000,16.280000,,,,,,,,,,,,,0.000,
,,,N41(40)+N71(x)+N25(x)+N41(x),NR SA,902,-70.900000,15.650000,,,,,,,,,,,,,0.005,0.171
,,,,NR SA,,,,,,,,,,,,,,,,,
,,,,NR SA,,,,,,,,,,,,,,,,,
,,,,NR SA,,,,,,,,,,,,,,,,,
,,,,NR SA,,,,,,,,,,,,,,,,,
,,,,NR SA,,,,,,,,,,,,,,,,,
,,,,NR SA,,,,,,,,,,,,,,,,,
,,,,NR SA,,,,,,,,,,,,,,,,,
,,,,NR SA,,,,,,,,,,,,,,,,,
,,,,NR SA,,,,,,,,,,,,,,,,,
,,,N41(40),NR SA,902,-68.120000,19.160000,,,,,,,,,,,,,0.001,0.098
,,,N41(40),NR SA,902,-64.180000,23.280000,,,,,,,,,,,,,0.027,0.110
,,,N41(40),NR SA,902,-66.740000,18.660000,,,,,,,,,,,,,0.424,0.377
,,,N41(40),NR SA,902,-67.510000,18.780000,,,,,,,,,,,,,0.028,0.095
,,,N41(40),NR SA,902,-65.930000,21.440000,,,,,,,,,,,,,0.004,0.074
,,,N41(40),NR SA,902,-67.080000,18.200000,,,,,,,,,,,,,0.000,
,,,N41(40),NR SA,902,-63.990000,21.950000,,,,,,,,,,,,,0.000,
,,,N41(40),NR SA,902,-63.250000,23.520000,,,,,,,,,,,,,0.003,0.001
,,,N41(40),NR SA,902,-64.220000,21.390000,,,,,,,,,,,,,0.392,0.601
,,,N41(40)+N71(x)+N25(x)+N41(x),NR SA,902,-67.340000,17.430000,,,,,,,,,,,,,30.380,0.809
,,,N41(40)+N71(x)+N25(x)+N41(x),NR SA,902,-70.220000,19.100000,,,,,,,,,,,,,324.221,1.988
,,,N41(40)+N71(x)+N25(x)+N41(x),NR SA,902,-70.180000,19.970000,,,,,,,,,,,,,557.459,3.588
,,,N41(40)+N71(x)+N25(x)+N41(x),NR SA,902,-70.630000,20.180000,,,,,,,,,,,,,249.588,2.687
,,,N41(40)+N71(x)+N25(x)+N41(x),NR SA,902,-66.430000,23.970000,,,,,,,,,,,,,0.000,1.803
,,,N41(40)+N71(x)+N25(x)+N41(x),NR SA,902,-64.860000,22.340000,,,,,,,,,,,,,0.262,0.742
,,,N41(40)+N71(x)+N25(x)+N41(x),NR SA,902,-68.780000,17.980000,,,,,,,,,,,,,0.000,
,,,N41(40)+N71(x)+N25(x)+N41(x),NR SA,902,-66.180000,19.270000,,,,,,,,,,,,,0.008,0.281
,,,,NR SA,,,,,,,,,,,,,,,,,
,,,,NR SA,,,,,,,,,,,,,,,,,
,,,,NR SA,,,,,,,,,,,,,,,,,
,,,,NR SA,,,,,,,,,,,,,,,,,
,,,,NR SA,,,,,,,,,,,,,,,,,
,,,,NR SA,,,,,,,,,,,,,,,,,
,,,,NR SA,,,,,,,,,,,,,,,,,
,,,,NR SA,,,,,,,,,,,,,,,,,
,,,,NR SA,,,,,,,,,,,,,,,,,
,,,N41(40),NR SA,902,-67.130000,19.060000,,,,,,,,,,,,,0.001,0.065
,,,N41(40),NR SA,902,-64.400000,16.270000,,,,,,,,,,,,,0.008,0.065
,,,N41(40),NR SA,902,-67.910000,14.860000,,,,,,,,,,,,,0.131,0.308
,,,N41(40),NR SA,902,-67.670000,14.920000,,,,,,,,,,,,,0.311,0.346
,,,N41(40),NR SA,902,-66.200000,18.390000,,,,,,,,,,,,,0.022,0.101
,,,N41(40),NR SA,902,-66.030000,17.790000,,,,,,,,,,,,,0.004,0.355
,,,N41(40),NR SA,902,-66.180000,18.040000,,,,,,,,,,,,,0.000,0.525
,,,N41(40),NR SA,902,-64.060000,19.680000,,,,,,,,,,,,,0.000,
,,,N41(40),NR SA,902,-64.140000,19.460000,,,,,,,,,,,,,0.004,0.001
,,,N41(40),NR SA,902,-64.510000,19.070000,,,,,,,,,,,,,0.000,0.320
,,,N41(40)+N71(x)+N25(x)+N41(x),NR SA,902,-67.120000,16.910000,,,,,,,,,,,,,0.581,0.542
,,,N41(40)+N71(x)+N25(x)+N41(x),NR SA,902,-69.360000,15.690000,,,,,,,,,,,,,164.638,1.581
,,,N41(40)+N71(x)+N25(x)+N41(x),NR SA,902,-70.740000,15.210000,,,,,,,,,,,,,510.310,3.339
,,,N41(40)+N71(x)+N25(x)+N41(x),NR SA,902,-71.080000,15.960000,,,,,,,,,,,,,453.354,3.378
,,,N41(40)+N71(x)+N25(x)+N41(x),NR SA,902,-69.680000,16.520000,,,,,,,,,,,,,0.000,1.805
,,,N41(40)+N71(x)+N25(x)+N41(x),NR SA,902,-66.360000,16.330000,,,,,,,,,,,,,0.000,
,,,N41(40)+N71(x)+N25(x)+N41(x),NR SA,902,-68.900000,16.700000,,,,,,,,,,,,,0.152,0.296
,,,N41(40)+N71(x)+N25(x)+N41(x),NR SA,902,-69.120000,17.340000,,,,,,,,,,,,,0.142,0.094
,,,N41(40)+N71(x)+N25(x)+N41(x),NR SA,902,-67.920000,17.600000,,,,,,,,,,,,,0.002,0.138
,,,,NR SA,,,,,,,,,,,,,,,,0.002,0.014
,,,,NR SA,,,,,,,,,,,,,,,,,
,,,,NR SA,,,,,,,,,,,,,,,,,
,,,,NR SA,,,,,,,,,,,,,,,,,
,,,,NR SA,,,,,,,,,,,,,,,,,
,,,,NR SA,,,,,,,,,,,,,,,,,
,,,,NR SA,,,,,,,,,,,,,,,,,
,,,,NR SA,,,,,,,,,,,,,,,,,
,,,,NR SA,,,,,,,,,,,,,,,,,
,,,N41(40),NR SA,902,-68.220000,19.960000,,,,,,,,,,,,,0.025,0.025
,,,N41(40),NR SA,902,-65.300000,17.180000,,,,,,,,,,,,,0.004,0.057
,,,N41(40),NR SA,902,-67.670000,14.390000,,,,,,,,,,,,,0.105,0.244
,,,N41(40)+N71(x)+N25(x)+N41(x),NR SA,902,-68.960000,15.000000,,,,,,,,,,,,,0.314,0.521
,,,N41(40)+N71(x)+N25(x)+N41(x),NR SA,902,-67.930000,15.980000,,,,,,,,,,,,,0.145,0.344
,,,N41(40)+N71(x)+N25(x)+N41(x),NR SA,902,-68.050000,17.050000,,,,,,,,,,,,,0.018,0.088
,,,N41(40)+N71(x)+N25(x)+N41(x),NR SA,902,-65.580000,19.100000,,,,,,,,,,,,,0.000,0.001
,,,N41(40)+N71(x)+N25(x)+N41(x),NR SA,902,-64.720000,19.390000,,,,,,,,,,,,,0.000,
,,,N41(40)+N71(x)+N25(x)+N41(x),NR SA,902,-64.560000,19.370000,,,,,,,,,,,,,0.002,0.001
,,,N41(40)+N71(x)+N25(x)+N41(x),NR SA,902,-68.510000,17.550000,,,,,,,,,,,,,0.002,0.004
,,,N41(40)+N71(x)+N25(x)+N41(x),NR SA,902,-75.960000,14.690000,,,,,,,,,,,,,0.276,0.358
,,,N41(40)+N71(x)+N25(x)+N41(x),NR SA,902,-69.690000,14.530000,,,,,,,,,,,,,55.042,0.934
,,,N41(40)+N71(x)+N25(x)+N41(x),NR SA,902,-69.880000,15.790000,,,,,,,,,,,,,338.438,2.417
,,,N41(40)+N71(x)+N25(x)+N41(x),NR SA,902,-69.910000,17.220000,,,,,,,,,,,,,503.575,3.679
,,,N41(40)+N71(x)+N25(x)+N41(x),NR SA,902,-69.030000,17.900000,,,,,,,,,,,,,230.418,3.012
,,,N41(40)+N71(x)+N25(x)+N41(x),NR SA,902,-66.600000,19.240000,,,,,,,,,,,,,0.001,0.459
,,,N41(40)+N71(x)+N25(x)+N41(x),NR SA,902,-67.200000,18.600000,,,,,,,,,,,,,0.104,0.512
,,,N41(40)+N71(x)+N25(x)+N41(x),NR SA,902,-67.240000,18.510000,,,,,,,,,,,,,0.071,0.582
,,,N41(40)+N71(x)+N25(x)+N41(x),NR SA,902,-64.220000,21.220000,,,,,,,,,,,,,0.000,0.001
,,,N41(40)+N71(x)+N25(x)+N41(x),NR SA,902,-64.070000,20.580000,,,,,,,,,,,,,0.004,0.137
,,,,NR SA,,,,,,,,,,,,,,,,0.002,0.016
,,,,NR SA,,,,,,,,,,,,,,,,,
,,,,NR SA,,,,,,,,,,,,,,,,,
,,,,NR SA,,,,,,,,,,,,,,,,,
,,,,NR SA,,,,,,,,,,,,,,,,,
,,,,NR SA,,,,,,,,,,,,,,,,,
,,,,NR SA,,,,,,,,,,,,,,,,,
,,,,NR SA,,,,,,,,,,,,,,,,,
,,,,NR SA,,,,,,,,,,,,,,,,,
,,,N41(40),NR SA,902,-66.780000,19.430000,,,,,,,,,,,,,0.038,0.090
,,,N41(40),NR SA,902,-63.460000,22.220000,,,,,,,,,,,,,0.004,0.093
,,,N41(40),NR SA,902,-64.210000,21.790000,,,,,,,,,,,,,0.077,0.204
,,,N41(40),NR SA,902,-67.540000,20.800000,,,,,,,,,,,,,0.340,0.660
,,,N41(40),NR SA,902,-64.680000,24.360000,,,,,,,,,,,,,0.166,0.152
,,,N41(40),NR SA,902,-65.690000,21.910000,,,,,,,,,,,,,0.008,0.103
,,,N41(40),NR SA,902,-67.730000,20.390000,,,,,,,,,,,,,0.002,0.001
,,,N41(40),NR SA,902,-67.840000,20.700000,,,,,,,,,,,,,0.008,0.572
,,,N41(40)+N71(x)+N25(x)+N41(x),NR SA,902,-67.300000,18.610000,,,,,,,,,,,,,0.638,0.619
,,,N41(40)+N71(x)+N25(x)+N41(x),NR SA,902,-68.500000,20.060000,,,,,,,,,,,,,119.133,1.261
,,,N41(40)+N71(x)+N25(x)+N41(x),NR SA,902,-69.690000,19.460000,,,,,,,,,,,,,400.250,2.589
,,,N41(40)+N71(x)+N25(x)+N41(x),NR SA,902,-69.840000,20.050000,,,,,,,,,,,,,485.628,3.364
,,,N41(40)+N71(x)+N25(x)+N41(x),NR SA,902,-68.190000,21.870000,,,,,,,,,,,,,134.034,2.705
,,,N41(40)+N71(x)+N25(x)+N41(x),NR SA,902,-64.620000,22.130000,,,,,,,,,,,,,0.000,0.331
,,,N41(40)+N71(x)+N25(x)+N41(x),NR SA,902,-67.030000,19.540000,,,,,,,,,,,,,0.248,0.617
,,,N41(40)+N71(x)+N25(x)+N41(x),NR SA,902,-68.840000,19.130000,,,,,,,,,,,,,0.000,0.238
,,,N41(40)+N71(x)+N25(x)+N41(x),NR SA,902,-71.260000,16.750000,,,,,,,,,,,,,0.215,0.552
,,,N41(40)+N71(x)+N25(x)+N41(x),NR SA,902,-71.190000,17.540000,,,,,,,,,,,,,0.056,0.327
,,,N41(40)+N71(x)+N25(x)+N41(x),NR SA,902,-68.990000,19.090000,,,,,,,,,,,,,0.055,0.459
,,,N41(40)+N71(x)+N25(x)+N41(x),NR SA,902,-67.660000,17.610000,,,,,,,,,,,,,0.000,
,,,N41(40)+N71(x)+N25(x)+N41(x),NR SA,902,-68.270000,14.320000,,,,,,,,,,,,,0.000,
,,,N41(40)+N71(x)+N25(x)+N41(x),NR SA,902,-66.660000,16.440000,,,,,,,,,,,,,0.000,
,,,N41(40)+N71(x)+N25(x)+N41(x),NR SA,902,-68.690000,14.340000,,,,,,,,,,,,,0.000,0.394
,,,N41(40)+N71(x)+N25(x)+N41(x),NR SA,902,-70.110000,13.110000,,,,,,,,,,,,,0.004,0.046
,,,N41(40)+N71(x)+N25(x)+N41(x),NR SA,902,-74.250000,13.280000,,,,,,,,,,,,,0.435,0.532
,,,N41(40)+N71(x)+N25(x)+N41(x),NR SA,902,-70.490000,19.200000,,,,,,,,,,,,,347.146,2.067
,,,N41(40)+N71(x)+N25(x)+N41(x),NR SA,902,-70.500000,20.870000,,,,,,,,,,,,,509.337,3.508
,,,N41(40)+N71(x)+N25(x)+N41(x),NR SA,902,-70.500000,20.290000,,,,,,,,,,,,,355.451,3.553
,,,N41(40)+N71(x)+N25(x)+N41(x),NR SA,902,-66.550000,22.160000,,,,,,,,,,,,,0.000,0.218
,,,N41(40)+N71(x)+N25(x)+N41(x),NR SA,902,-65.410000,21.980000,,,,,,,,,,,,,0.085,0.499
,,,N41(40)+N71(x)+N25(x)+N41(x),NR SA,902,-67.750000,19.880000,,,,,,,,,,,,,0.093,0.466
,,,N41(40)+N71(x)+N25(x)+N41(x),NR SA,902,-67.250000,19.910000,,,,,,,,,,,,,0.000,
,,,N41(40)+N71(x)+N25(x)+N41(x),NR SA,902,-68.560000,19.240000,,,,,,,,,,,,,0.002,0.032
,,,,NR SA,,,,,,,,,,,,,,,,0.002,0.502
,,,,NR SA,,,,,,,,,,,,,,,,,
,,,,NR SA,,,,,,,,,,,,,,,,,
,,,,NR SA,,,,,,,,,,,,,,,,,
,,,,NR SA,,,,,,,,,,,,,,,,,
,,,,NR SA,,,,,,,,,,,,,,,,,
,,,,NR SA,,,,,,,,,,,,,,,,,
,,,,NR SA,,,,,,,,,,,,,,,,,
,,,,NR SA,,,,,,,,,,,,,,,,,
,,,N41(x),NR SA,902,-67.780000,15.600000,,,,,,,,,,,,,0.000,
,,,N41(40),NR SA,902,-67.190000,19.910000,,,,,,,,,,,,,0.013,0.121
,,,N41(40),NR SA,902,-64.220000,20.200000,,,,,,,,,,,,,0.059,0.241
,,,N41(40),NR SA,902,-68.510000,19.050000,,,,,,,,,,,,,0.297,0.378
,,,N41(40),NR SA,902,-68.730000,18.150000,,,,,,,,,,,,,0.156,0.153
,,,N41(40),NR SA,902,-67.140000,19.660000,,,,,,,,,,,,,0.008,0.066
,,,N41(40),NR SA,902,-65.240000,21.040000,,,,,,,,,,,,,0.002,0.001
,,,N41(40),NR SA,902,-65.570000,19.250000,,,,,,,,,,,,,0.000,
,,,N41(40),NR SA,902,-64.780000,20.170000,,,,,,,,,,,,,0.002,0.038
,,,N41(40),NR SA,902,-62.460000,22.780000,,,,,,,,,,,,,0.002,0.274
,,,N41(40),NR SA,902,-63.920000,20.710000,,,,,,,,,,,,,0.033,0.778
,,,N41(40),NR SA,902,-67.210000,17.970000,,,,,,,,,,,,,0.056,0.288
,,,N41(40),NR SA,902,-67.470000,18.690000,,,,,,,,,,,,,0.000,
,,,N41(40),NR SA,902,-66.360000,20.080000,,,,,,,,,,,,,0.296,0.591
,,,N41(40)+N71(x)+N25(x)+N41(x),NR SA,902,-66.990000,20.840000,,,,,,,,,,,,,65.454,1.090
,,,N41(40)+N71(x)+N25(x)+N41(x),NR SA,902,-70.000000,18.570000,,,,,,,,,,,,,300.938,1.966
,,,N41(40)+N71(x)+N25(x)+N41(x),NR SA,902,-70.950000,18.450000,,,,,,,,,,,,,540.273,3.474
,,,N41(40)+N71(x)+N25(x)+N41(x),NR SA,902,-69.770000,18.000000,,,,,,,,,,,,,229.782,3.103
,,,N41(40)+N71(x)+N25(x)+N41(x),NR SA,902,-66.930000,23.340000,,,,,,,,,,,,,0.000,1.861
,,,N41(40)+N71(x)+N25(x)+N41(x),NR SA,902,-65.710000,23.840000,,,,,,,,,,,,,0.174,0.565
,,,N41(40)+N71(x)+N25(x)+N41(x),NR SA,902,-66.960000,21.000000,,,,,,,,,,,,,0.025,0.015
,,,N41(40)+N71(x)+N25(x)+N41(x),NR SA,902,-64.410000,20.740000,,,,,,,,,,,,,0.000,
,,,N41(40)+N71(x)+N25(x)+N41(x),NR SA,902,-64.170000,19.170000,,,,,,,,,,,,,0.000,
,,,N41(40)+N71(x)+N25(x)+N41(x),NR SA,902,-64.140000,18.980000,,,,,,,,,,,,,0.000,
,,,N41(40)+N71(x)+N25(x)+N41(x),NR SA,902,-63.920000,21.760000,,,,,,,,,,,,,0.000,
,,,N41(40)+N71(x)+N25(x)+N41(x),NR SA,902,-64.710000,20.750000,,,,,,,,,,,,,0.000,
,,,N41(40)+N71(x)+N25(x)+N41(x),NR SA,902,-68.900000,20.750000,,,,,,,,,,,,,0.000,
,,,N41(40)+N71(x)+N25(x)+N41(x),NR SA,902,-74.160000,16.290000,,,,,,,,,,,,,0.000,
,,,N41(40)+N71(x)+N25(x)+N41(x),NR SA,902,-71.890000,19.530000,,,,,,,,,,,,,0.000,
,,,N41(40)+N71(x)+N25(x)+N41(x),NR SA,902,-64.720000,27.940000,,,,,,,,,,,,,0.001,0.001
,,,N41(40),NR SA,902,-74.360000,15.310000,,,,,,,,,,,,,0.076,0.192
,,,,NR SA,,,,,,,,,,,,,,,,,
,,,,NR SA,,,,,,,,,,,,,,,,,
,,,,NR SA,,,,,,,,,,,,,,,,,
,,,,NR SA,,,,,,,,,,,,,,,,,
,,,,NR SA,,,,,,,,,,,,,,,,,
,,,,NR SA,,,,,,,,,,,,,,,,,
,,,,NR SA,,,,,,,,,,,,,,,,,
,,,,NR SA,,,,,,,,,,,,,,,,,
,,,,NR SA,,,,,,,,,,,,,,,,,
,,,N41(40),NR SA,902,-63.650000,20.210000,,,,,,,,,,,,,0.000,
,,,N41(40),NR SA,902,-64.250000,19.780000,,,,,,,,,,,,,0.012,0.102
,,,N41(40),NR SA,902,-63.570000,22.190000,,,,,,,,,,,,,0.074,0.219
,,,N41(40),NR SA,902,-65.580000,22.600000,,,,,,,,,,,,,0.310,0.369
,,,N41(40),NR SA,902,-65.440000,22.240000,,,,,,,,,,,,,0.076,0.146
,,,N41(40),NR SA,902,-64.720000,21.670000,,,,,,,,,,,,,0.005,0.045
,,,N41(40),NR SA,902,-65.180000,21.280000,,,,,,,,,,,,,0.000,0.001
,,,N41(40),NR SA,902,-65.490000,20.990000,,,,,,,,,,,,,0.000,
,,,N41(40),NR SA,902,-64.820000,20.680000,,,,,,,,,,,,,0.159,0.363
,,,N41(40)+N71(x)+N25(x)+N41(x),NR SA,902,-65.380000,22.670000,,,,,,,,,,,,,31.742,0.983
,,,N41(40)+N71(x)+N25(x)+N41(x),NR SA,902,-68.230000,20.300000,,,,,,,,,,,,,339.422,2.209
,,,N41(40)+N71(x)+N25(x)+N41(x),NR SA,902,-69.530000,21.300000,,,,,,,,,,,,,523.475,3.477
,,,N41(40)+N71(x)+N25(x)+N41(x),NR SA,902,-68.960000,21.440000,,,,,,,,,,,,,247.696,2.892
,,,N41(40)+N71(x)+N25(x)+N41(x),NR SA,902,-63.910000,25.560000,,,,,,,,,,,,,0.000,2.064
,,,N41(40)+N71(x)+N25(x)+N41(x),NR SA,902,-63.870000,24.950000,,,,,,,,,,,,,0.232,0.662
,,,N41(40)+N71(x)+N25(x)+N41(x),NR SA,902,-67.820000,21.120000,,,,,,,,,,,,,0.083,0.042
,,,N41(40)+N71(x)+N25(x)+N41(x),NR SA,902,-64.610000,23.800000,,,,,,,,,,,,,0.000,0.236
,,,N41(40)+N71(x)+N25(x)+N41(x),NR SA,902,-66.880000,20.850000,,,,,,,,,,,,,0.007,0.011
,,,N41(40)+N71(x)+N25(x)+N41(x),NR SA,902,-63.910000,23.230000,,,,,,,,,,,,,0.000,0.001
,,,N41(40)+N71(x)+N25(x)+N41(x),NR SA,902,-62.920000,22.560000,,,,,,,,,,,,,0.000,
,,,N41(40)+N71(x)+N25(x)+N41(x),NR SA,902,-63.580000,21.590000,,,,,,,,,,,,,0.008,0.197
,,,,NR SA,,,,,,,,,,,,,,,,,
,,,,NR SA,,,,,,,,,,,,,,,,,
,,,,NR SA,,,,,,,,,,,,,,,,,
,,,,NR SA,,,,,,,,,,,,,,,,,
,,,,NR SA,,,,,,,,,,,,,,,,,
,,,,NR SA,,,,,,,,,,,,,,,,,
,,,,NR SA,,,,,,,,,,,,,,,,,
,,,,NR SA,,,,,,,,,,,,,,,,,
,,,N41(40),NR SA,902,-64.850000,20.180000,,,,,,,,,,,,,,
,,,N41(40),NR SA,902,-72.870000,16.960000,,,,,,,,,,,,,0.013,0.091
,,,N41(40),NR SA,902,-76.660000,15.770000,,,,,,,,,,,,,0.088,0.283
,,,N41(40),NR SA,902,-66.860000,20.360000,,,,,,,,,,,,,0.273,0.338
,,,N41(40),NR SA,902,-66.060000,19.730000,,,,,,,,,,,,,0.084,0.115
,,,N41(40),NR SA,902,-68.020000,19.280000,,,,,,,,,,,,,0.004,0.299
,,,N41(40),NR SA,902,-66.750000,19.250000,,,,,,,,,,,,,0.000,
,,,N41(40),NR SA,902,-65.910000,19.240000,,,,,,,,,,,,,0.000,
,,,N41(40),NR SA,902,-63.770000,24.250000,,,,,,,,,,,,,0.004,0.007
,,,N41(40)+N71(x)+N25(x)+N41(x),NR SA,902,-64.600000,22.670000,,,,,,,,,,,,,0.627,0.875
,,,N41(40)+N71(x)+N25(x)+N41(x),NR SA,902,-66.590000,19.810000,,,,,,,,,,,,,227.655,1.693
,,,N41(40)+N71(x)+N25(x)+N41(x),NR SA,902,-68.750000,20.290000,,,,,,,,,,,,,492.585,3.315
,,,N41(40)+N71(x)+N25(x)+N41(x),NR SA,902,-69.540000,19.940000,,,,,,,,,,,,,409.522,3.233
,,,N41(40)+N71(x)+N25(x)+N41(x),NR SA,902,-74.160000,17.270000,,,,,,,,,,,,,0.001,1.791
,,,N41(40)+N71(x)+N25(x)+N41(x),NR SA,902,-69.560000,19.750000,,,,,,,,,,,,,0.096,0.333
,,,N41(40)+N71(x)+N25(x)+N41(x),NR SA,902,-69.420000,19.220000,,,,,,,,,,,,,0.220,0.758
,,,N41(40)+N71(x)+N25(x)+N41(x),NR SA,902,-69.530000,18.640000,,,,,,,,,,,,,0.000,
,,,N41(40)+N71(x)+N25(x)+N41(x),NR SA,902,-68.210000,20.450000,,,,,,,,,,,,,0.001,0.180
,,,N41(40)+N71(x)+N25(x)+N41(x),NR SA,902,-67.500000,21.550000,,,,,,,,,,,,,0.000,
,,,N41(40)+N71(x)+N25(x)+N41(x),NR SA,902,-66.110000,21.010000,,,,,,,,,,,,,0.000,
,,,N41(40)+N71(x)+N25(x)+N41(x),NR SA,902,-65.680000,20.240000,,,,,,,,,,,,,0.209,0.304
,,,,NR SA,,,,,,,,,,,,,,,,,
,,,,NR SA,,,,,,,,,,,,,,,,,
,,,,NR SA,,,,,,,,,,,,,,,,,
,,,,NR SA,,,,,,,,,,,,,,,,,
,,,,NR SA,,,,,,,,,,,,,,,,,
,,,,NR SA,,,,,,,,,,,,,,,,,
,,,,NR SA,,,,,,,,,,,,,,,,,
,,,,NR SA,,,,,,,,,,,,,,,,,
,,,N41(40),NR SA,902,-65.300000,19.950000,,,,,,,,,,,,,0.013,0.082
,,,N41(40),NR SA,902,-62.320000,23.020000,,,,,,,,,,,,,0.065,0.307
,,,N41(40),NR SA,902,-64.600000,24.190000,,,,,,,,,,,,,0.222,0.340
,,,N41(40),NR SA,902,-65.020000,20.730000,,,,,,,,,,,,,0.159,0.190
,,,N41(40),NR SA,902,-65.440000,18.730000,,,,,,,,,,,,,0.012,0.473
,,,N41(40),NR SA,902,-67.590000,20.390000,,,,,,,,,,,,,0.002,0.001
,,,N41(40),NR SA,902,-67.480000,20.430000,,,,,,,,,,,,,0.000,
,,,N41(40),NR SA,902,-66.430000,20.470000,,,,,,,,,,,,,0.002,0.001
,,,N41(40),NR SA,902,-65.960000,18.500000,,,,,,,,,,,,,0.002,0.366
,,,N41(40)+N71(x)+N25(x)+N41(x),NR SA,902,-70.760000,16.550000,,,,,,,,,,,,,0.258,0.408
,,,N41(40)+N71(x)+N25(x)+N41(x),NR SA,902,-68.740000,19.110000,,,,,,,,,,,,,140.803,1.289
,,,N41(40)+N71(x)+N25(x)+N41(x),NR SA,902,-69.110000,21.590000,,,,,,,,,,,,,406.640,2.894
,,,N41(40)+N71(x)+N25(x)+N41(x),NR SA,902,-69.050000,21.640000,,,,,,,,,,,,,464.392,3.524
,,,N41(40)+N71(x)+N25(x)+N41(x),NR SA,902,-66.400000,24.050000,,,,,,,,,,,,,128.323,2.665
,,,N41(40)+N71(x)+N25(x)+N41(x),NR SA,902,-67.400000,21.250000,,,,,,,,,,,,,0.198,0.532
,,,N41(40)+N71(x)+N25(x)+N41(x),NR SA,902,-67.790000,20.870000,,,,,,,,,,,,,0.255,0.672
,,,N41(40)+N71(x)+N25(x)+N41(x),NR SA,902,-66.340000,21.390000,,,,,,,,,,,,,0.000,0.204
,,,N41(40)+N71(x)+N25(x)+N41(x),NR SA,902,-63.650000,25.070000,,,,,,,,,,,,,0.002,0.001
,,,N41(40)+N71(x)+N25(x)+N41(x),NR SA,902,-63.000000,24.440000,,,,,,,,,,,,,0.000,
,,,N41(40)+N71(x)+N25(x)+N41(x),NR SA,902,-65.490000,18.440000,,,,,,,,,,,,,0.027,0.194
,,,,NR SA,,,,,,,,,,,,,,,,0.003,0.006
,,,,NR SA,,,,,,,,,,,,,,,,,
,,,,NR SA,,,,,,,,,,,,,,,,,
,,,,NR SA,,,,,,,,,,,,,,,,,
,,,,NR SA,,,,,,,,,,,,,,,,,
,,,,NR SA,,,,,,,,,,,,,,,,,
,,,,NR SA,,,,,,,,,,,,,,,,,
,,,,NR SA,,,,,,,,,,,,,,,,,
,,,,NR SA,,,,,,,,,,,,,,,,,
,,,N41(40),NR SA,902,-65.780000,22.140000,,,,,,,,,,,,,0.015,0.090
,,,N41(40),NR SA,902,-62.840000,23.820000,,,,,,,,,,,,,0.052,0.160
,,,N41(40),NR SA,902,-66.980000,21.110000,,,,,,,,,,,,,0.163,0.253
,,,N41(40),NR SA,902,-65.880000,21.310000,,,,,,,,,,,,,0.245,0.141
,,,N41(40),NR SA,902,-68.280000,18.250000,,,,,,,,,,,,,0.014,0.169
,,,N41(40),NR SA,902,-65.930000,20.770000,,,,,,,,,,,,,0.002,0.001
,,,N41(40),NR SA,902,-64.700000,21.050000,,,,,,,,,,,,,0.000,0.394
,,,N41(40),NR SA,902,-62.390000,20.360000,,,,,,,,,,,,,0.003,0.031
,,,N41(40)+N71(x)+N25(x)+N41(x),NR SA,902,-64.930000,20.280000,,,,,,,,,,,,,0.524,0.615
,,,N41(40)+N71(x)+N25(x)+N41(x),NR SA,902,-68.450000,19.010000,,,,,,,,,,,,,188.447,1.677
,,,N41(40)+N71(x)+N25(x)+N41(x),NR SA,902,-68.520000,19.790000,,,,,,,,,,,,,463.302,3.146
,,,N41(40)+N71(x)+N25(x)+N41(x),NR SA,902,-68.380000,20.600000,,,,,,,,,,,,,437.272,3.506
,,,N41(40)+N71(x)+N25(x)+N41(x),NR SA,902,-66.010000,23.780000,,,,,,,,,,,,,56.365,2.239
,,,N41(40)+N71(x)+N25(x)+N41(x),NR SA,902,-63.710000,23.750000,,,,,,,,,,,,,0.141,0.711
,,,N41(40)+N71(x)+N25(x)+N41(x),NR SA,902,-67.460000,18.450000,,,,,,,,,,,,,0.135,0.423
,,,N41(40)+N71(x)+N25(x)+N41(x),NR SA,902,-68.100000,18.470000,,,,,,,,,,,,,0.003,0.150
,,,N41(40)+N71(x)+N25(x)+N41(x),NR SA,902,-66.290000,19.010000,,,,,,,,,,,,,0.002,0.002
,,,N41(40)+N71(x)+N25(x)+N41(x),NR SA,902,-64.960000,19.900000,,,,,,,,,,,,,0.000,0.490
,,,N41(40)+N71(x)+N25(x)+N41(x),NR SA,902,-64.310000,20.170000,,,,,,,,,,,,,0.010,0.214
,,,,NR SA,,,,,,,,,,,,,,,,,
,,,,NR SA,,,,,,,,,,,,,,,,,
,,,,NR SA,,,,,,,,,,,,,,,,,
,,,,NR SA,,,,,,,,,,,,,,,,,
,,,,NR SA,,,,,,,,,,,,,,,,,
,,,,NR SA,,,,,,,,,,,,,,,,,
,,,,NR SA,,,,,,,,,,,,,,,,,
,,,,NR SA,,,,,,,,,,,,,,,,,
,,,,NR SA,,,,,,,,,,,,,,,,,
,,,N41(40),NR SA,902,-67.590000,19.840000,,,,,,,,,,,,,0.001,0.083
,,,N41(40),NR SA,902,-74.800000,17.110000,,,,,,,,,,,,,0.071,0.283
,,,N41(40),NR SA,902,-68.930000,18.740000,,,,,,,,,,,,,0.301,0.377
,,,N41(40),NR SA,902,-65.140000,21.230000,,,,,,,,,,,,,0.083,0.151
,,,N41(40),NR SA,902,-64.280000,20.460000,,,,,,,,,,,,,0.005,0.346
,,,N41(40),NR SA,902,-65.630000,20.890000,,,,,,,,,,,,,0.002,
,,,N41(40),NR SA,902,-63.270000,22.130000,,,,,,,,,,,,,0.000,
,,,N41(40),NR SA,902,-62.430000,22.750000,,,,,,,,,,,,,0.004,0.029
,,,N41(40),NR SA,902,-64.890000,20.320000,,,,,,,,,,,,,0.429,0.630
,,,N41(40)+N71(x)+N25(x)+N41(x),NR SA,902,-66.830000,19.490000,,,,,,,,,,,,,127.418,1.428
,,,N41(40)+N71(x)+N25(x)+N41(x),NR SA,902,-69.530000,18.130000,,,,,,,,,,,,,483.441,3.148
,,,N41(40)+N71(x)+N25(x)+N41(x),NR SA,902,-69.650000,15.790000,,,,,,,,,,,,,494.697,3.668
,,,N41(40)+N71(x)+N25(x)+N41(x),NR SA,902,-67.850000,17.780000,,,,,,,,,,,,,3.887,1.855
,,,N41(40)+N71(x)+N25(x)+N41(x),NR SA,902,-64.940000,19.870000,,,,,,,,,,,,,0.000,0.536
,,,N41(40)+N71(x)+N25(x)+N41(x),NR SA,902,-68.710000,20.280000,,,,,,,,,,,,,0.325,0.561
,,,N41(40)+N71(x)+N25(x)+N41(x),NR SA,902,-70.970000,23.060000,,,,,,,,,,,,,0.000,
,,,N41(40)+N71(x)+N25(x)+N41(x),NR SA,902,-69.390000,24.180000,,,,,,,,,,,,,0.000,0.398
,,,N41(40)+N71(x)+N25(x)+N41(x),NR SA,902,-67.970000,26.180000,,,,,,,,,,,,,0.003,0.001
,,,N41(40)+N71(x)+N25(x)+N41(x),NR SA,902,-68.120000,28.750000,,,,,,,,,,,,,0.000,
