[General] Serving Network (In Traffic),[LTE] [L1] [RF] RSRP,[LTE] [L1] [RF] PCI,[Call Test] [Voice Quality] [Per Rx Clip] [RF Quality] 5G RSRP,[Call Test] [Voice Quality] [Per Rx Clip] [RF Quality] 5G SINR,[NR5G] [System] Band,[NR5G] [RF] PCI,[Call Test] [Voice Quality] [UL MOS] MOS,[Call Test] [Voice Quality] [Per Rx Clip] MOS Value,[Call Test] [Voice Quality] [Per Rx Clip] Mouth to Ear Delay (Avg)
,,,,,,569,,,
,,,,,,569,,,
,,,,,,569,,,
,,,,,,569,,,
,,,,,,569,,,
,,,,,,569,,,
,,,,,,569,,,
,,,,,,569,,,
,,,,,41,569,,,
,,,,,,,,,
,,,,,41,744,,,
,,,,,,,,,
,,,,,,,,,
,,,,,41,744,,,
,,,,,41,744,,,
NR SA,,,,,41,744,,,
NR SA,,,,,41,744,,,
NR SA,,,,,41,744,,,
NR SA,,,,,41,744,,,
NR SA,,,,,41,744,,,
NR SA,,,,,41,744,,,
NR SA,,,,,41,744,,,
NR SA,,,,,41,744,,,
NR SA,,,,,41,744,,,
NR SA,,,,,41,744,,,
NR SA,,,,,41,744,,,
NR SA,,,,,41,744,,,
NR SA,,,,,41,744,,,
NR SA,,,,,41,744,,,
NR SA,,,,,41,744,,,
NR SA,,,,,41,744,,,
NR SA,,,,,41,744,,,
,,,-85.545224,11.408260,,,,3.805652,0.303363
NR SA,,,,,41,744,,,
NR SA,,,,,41,744,,,
NR SA,,,,,41,744,,,
NR SA,,,,,41,744,,,
NR SA,,,,,41,744,,,
NR SA,,,,,41,744,,,
NR SA,,,,,41,744,,,
NR SA,,,,,41,744,,,
NR SA,,,,,41,744,,,
NR SA,,,,,41,744,,,
NR SA,,,,,41,744,,,
NR SA,,,,,41,744,,,
NR SA,,,,,41,744,,,
NR SA,,,,,41,744,,,
,,,-88.367742,8.246456,,,,3.934135,0.301525
NR SA,,,,,41,744,,,
NR SA,,,,,41,744,,,
NR SA,,,,,41,744,,,
NR SA,,,,,41,744,,,
NR SA,,,,,41,744,,,
NR SA,,,,,41,744,,,
NR SA,,,,,41,744,,,
NR SA,,,,,41,744,,,
NR SA,,,,,41,744,,,
NR SA,,,,,41,744,,,
NR SA,,,,,41,744,,,
NR SA,,,,,41,744,,,
NR SA,,,,,41,744,,,
,,,-86.585443,9.012920,,,,3.885742,0.289409
NR SA,,,,,41,744,,,
NR SA,,,,,41,744,,,
NR SA,,,,,41,744,,,
NR SA,,,,,41,744,,,
NR SA,,,,,41,744,,,
NR SA,,,,,41,744,,,
NR SA,,,,,41,744,,,
NR SA,,,,,41,744,,,
NR SA,,,,,41,744,,,
NR SA,,,,,41,744,,,
NR SA,,,,,41,744,,,
NR SA,,,,,41,744,,,
NR SA,,,,,41,744,,,
NR SA,,,,,41,744,,,
,,,-88.538995,8.922235,,,,3.876254,0.291543
NR SA,,,,,41,744,,,
NR SA,,,,,41,744,,,
NR SA,,,,,41,744,,,
NR SA,,,,,41,744,,,
NR SA,,,,,41,744,,,
NR SA,,,,,41,744,,,
NR SA,,,,,41,744,,,
NR SA,,,,,41,744,,,
NR SA,,,,,41,744,,,
NR SA,,,,,41,744,,,
NR SA,,,,,41,744,,,
NR SA,,,,,41,744,,,
NR SA,,,,,41,744,,,
NR SA,,,,,41,744,,,
NR SA,,,,,41,744,,,
,,,-88.462847,6.387599,,,,3.871639,0.324941
NR SA,,,,,41,744,,,
NR SA,,,,,41,744,,,
NR SA,,,,,41,744,,,
NR SA,,,,,41,744,,,
NR SA,,,,,41,744,,,
NR SA,,,,,41,744,,,
NR SA,,,,,41,744,,,
NR SA,,,,,41,744,,,
NR SA,,,,,41,744,,,
NR SA,,,,,41,744,,,
NR SA,,,,,41,744,,,
NR SA,,,,,41,744,,,
NR SA,,,,,41,744,,,
NR SA,,,,,41,744,,,
,,,-87.650846,6.547712,,,,3.820968,0.299692
NR SA,,,,,41,744,,,
NR SA,,,,,41,744,,,
NR SA,,,,,41,744,,,
NR SA,,,,,41,744,,,
NR SA,,,,,41,744,,,
NR SA,,,,,41,744,,,
NR SA,,,,,41,744,,,
NR SA,,,,,41,744,,,
NR SA,,,,,41,744,,,
NR SA,,,,,41,744,,,
NR SA,,,,,41,744,,,
NR SA,,,,,41,744,,,
NR SA,,,,,41,744,,,
,,,-85.628731,9.736544,,,,3.996017,0.323945
NR SA,,,,,41,744,,,
NR SA,,,,,41,744,,,
NR SA,,,,,41,744,,,
NR SA,,,,,41,744,,,
NR SA,,,,,41,744,,,
NR SA,,,,,41,744,,,
NR SA,,,,,41,744,,,
NR SA,,,,,41,744,,,
NR SA,,,,,41,744,,,
NR SA,,,,,41,744,,,
NR SA,,,,,41,744,,,
NR SA,,,,,41,744,,,
NR SA,,,,,41,744,,,
NR SA,,,,,41,744,,,
,,,-85.655508,10.279923,,,,3.908713,0.305056
NR SA,,,,,41,744,,,
NR SA,,,,,41,744,,,
NR SA,,,,,41,744,,,
NR SA,,,,,41,744,,,
NR SA,,,,,41,744,,,
NR SA,,,,,41,744,,,
NR SA,,,,,41,744,,,
NR SA,,,,,41,744,,,
NR SA,,,,,41,744,,,
NR SA,,,,,41,744,,,
NR SA,,,,,41,744,,,
NR SA,,,,,41,744,,,
NR SA,,,,,41,744,,,
NR SA,,,,,41,744,,,
NR SA,,,,,41,744,,,
,,,-85.921852,10.215669,,,,3.882646,0.302619
NR SA,,,,,41,744,,,
NR SA,,,,,41,744,,,
NR SA,,,,,41,744,,,
NR SA,,,,,41,744,,,
NR SA,,,,,41,744,,,
NR SA,,,,,41,744,,,
NR SA,,,,,41,744,,,
NR SA,,,,,41,744,,,
NR SA,,,,,41,744,,,
NR SA,,,,,41,744,,,
NR SA,,,,,41,744,,,
NR SA,,,,,41,744,,,
NR SA,,,,,41,744,,,
NR SA,,,,,41,744,,,
,,,-85.465662,9.521656,,,,3.923760,0.298533
NR SA,,,,,41,744,,,
NR SA,,,,,41,744,,,
NR SA,,,,,41,744,,,
NR SA,,,,,41,744,,,
NR SA,,,,,41,744,,,
NR SA,,,,,41,744,,,
NR SA,,,,,41,744,,,
NR SA,,,,,41,744,,,
NR SA,,,,,41,744,,,
NR SA,,,,,41,744,,,
NR SA,,,,,41,744,,,
NR SA,,,,,41,744,,,
NR SA,,,,,41,744,,,
NR SA,,,,,41,744,,,
,,,-87.202290,8.853812,,,,3.915652,0.297258
NR SA,,,,,41,744,,,
NR SA,,,,,41,744,,,
NR SA,,,,,41,744,,,
NR SA,,,,,41,744,,,
NR SA,,,,,41,744,,,
NR SA,,,,,41,744,,,
NR SA,,,,,41,744,,,
NR SA,,,,,41,744,,,
NR SA,,,,,41,744,,,
NR SA,,,,,41,744,,,
NR SA,,,,,41,744,,,
NR SA,,,,,41,744,,,
NR SA,,,,,41,744,,,
,,,-87.245618,6.871450,,,,3.900692,0.289078
NR SA,,,,,41,744,,,
NR SA,,,,,41,744,,,
NR SA,,,,,41,744,,,
NR SA,,,,,41,744,,,
NR SA,,,,,41,744,,,
NR SA,,,,,41,744,,,
NR SA,,,,,41,744,,,
NR SA,,,,,41,744,,,
NR SA,,,,,41,744,,,
NR SA,,,,,41,744,,,
NR SA,,,,,41,744,,,
NR SA,,,,,41,744,,,
NR SA,,,,,41,744,,,
NR SA,,,,,41,744,,,
NR SA,,,,,41,744,,,
,,,-84.900082,11.994517,,,,3.968871,0.294306
NR SA,,,,,41,744,,,
NR SA,,,,,41,744,,,
NR SA,,,,,41,744,,,
NR SA,,,,,41,744,,,
NR SA,,,,,41,744,,,
NR SA,,,,,41,744,,,
NR SA,,,,,41,744,,,
NR SA,,,,,41,744,,,
NR SA,,,,,41,744,,,
NR SA,,,,,41,744,,,
NR SA,,,,,41,744,,,
NR SA,,,,,41,744,,,
NR SA,,,,,41,744,,,
NR SA,,,,,41,744,,,
,,,-86.518585,10.961384,,,,3.945225,0.291572
NR SA,,,,,41,744,,,
NR SA,,,,,41,744,,,
NR SA,,,,,41,744,,,
NR SA,,,,,41,744,,,
NR SA,,,,,41,744,,,
NR SA,,,,,41,744,,,
NR SA,,,,,41,744,,,
NR SA,,,,,41,744,,,
NR SA,,,,,41,744,,,
NR SA,,,,,41,744,,,
NR SA,,,,,41,744,,,
NR SA,,,,,41,744,,,
NR SA,,,,,41,744,,,
NR SA,,,,,41,744,,,
,,,-86.769877,7.069511,,,,3.907498,0.291651
NR SA,,,,,41,744,,,
NR SA,,,,,41,744,,,
NR SA,,,,,41,744,,,
NR SA,,,,,41,744,,,
NR SA,,,,,41,744,,,
NR SA,,,,,41,744,,,
NR SA,,,,,41,744,,,
NR SA,,,,,41,744,,,
NR SA,,,,,41,744,,,
NR SA,,,,,41,744,,,
NR SA,,,,,41,744,,,
NR SA,,,,,41,744,,,
NR SA,,,,,41,744,,,
NR SA,,,,,41,744,,,
,,,-86.317543,5.631410,,,,3.916496,0.297463
NR SA,,,,,41,744,,,
NR SA,,,,,41,744,,,
NR SA,,,,,41,744,,,
NR SA,,,,,41,744,,,
NR SA,,,,,41,744,,,
NR SA,,,,,41,744,,,
NR SA,,,,,41,744,,,
NR SA,,,,,41,744,,,
NR SA,,,,,41,744,,,
NR SA,,,,,41,744,,,
NR SA,,,,,41,744,,,
NR SA,,,,,41,744,,,
NR SA,,,,,41,744,,,
NR SA,,,,,41,744,,,
,,,-86.935595,7.734673,,,,3.853066,0.288951
NR SA,,,,,41,744,,,
NR SA,,,,,41,744,,,
NR SA,,,,,41,744,,,
NR SA,,,,,41,744,,,
NR SA,,,,,41,744,,,
NR SA,,,,,41,744,,,
NR SA,,,,,41,744,,,
NR SA,,,,,41,744,,,
NR SA,,,,,41,744,,,
NR SA,,,,,41,744,,,
NR SA,,,,,41,744,,,
NR SA,,,,,41,744,,,
NR SA,,,,,41,744,,,
,,,-85.985357,6.517193,,,,3.953889,0.281489
NR SA,,,,,41,744,,,
NR SA,,,,,41,744,,,
NR SA,,,,,41,744,,,
NR SA,,,,,41,744,,,
NR SA,,,,,41,744,,,
NR SA,,,,,41,744,,,
NR SA,,,,,41,744,,,
NR SA,,,,,41,744,,,
NR SA,,,,,41,744,,,
NR SA,,,,,41,744,,,
NR SA,,,,,41,744,,,
NR SA,,,,,41,744,,,
NR SA,,,,,41,744,,,
NR SA,,,,,41,744,,,
,,,-86.868990,9.742385,,,,3.891824,0.291190
NR SA,,,,,41,744,,,
NR SA,,,,,41,744,,,
NR SA,,,,,41,744,,,
NR SA,,,,,41,744,,,
NR SA,,,,,41,744,,,
NR SA,,,,,41,744,,,
NR SA,,,,,41,744,,,
NR SA,,,,,41,744,,,
NR SA,,,,,41,744,,,
NR SA,,,,,41,744,,,
NR SA,,,,,41,744,,,
NR SA,,,,,41,744,,,
NR SA,,,,,41,744,,,
NR SA,,,,,41,744,,,
,,,-87.997359,8.398843,,,,3.905170,0.288224
NR SA,,,,,41,744,,,
NR SA,,,,,41,744,,,
NR SA,,,,,41,744,,,
NR SA,,,,,41,744,,,
NR SA,,,,,41,744,,,
NR SA,,,,,41,744,,,
NR SA,,,,,41,744,,,
NR SA,,,,,41,744,,,
NR SA,,,,,41,744,,,
NR SA,,,,,41,744,,,
NR SA,,,,,41,744,,,
NR SA,,,,,41,744,,,
NR SA,,,,,41,744,,,
NR SA,,,,,41,744,,,
NR SA,,,,,41,744,,,
,,,-87.407412,9.941491,,,,3.681269,0.309422
NR SA,,,,,41,744,,,
NR SA,,,,,41,744,,,
NR SA,,,,,41,744,,,
NR SA,,,,,41,744,,,
NR SA,,,,,41,744,,,
NR SA,,,,,41,744,,,
NR SA,,,,,41,744,,,
NR SA,,,,,41,744,,,
NR SA,,,,,41,744,,,
NR SA,,,,,41,744,,,
NR SA,,,,,41,744,,,
NR SA,,,,,41,744,,,
NR SA,,,,,41,744,,,
NR SA,,,,,41,744,,,
,,,-87.130855,9.919199,,,,3.859458,0.282563
NR SA,,,,,41,744,,,
NR SA,,,,,41,744,,,
NR SA,,,,,41,744,,,
NR SA,,,,,41,744,,,
NR SA,,,,,41,744,,,
NR SA,,,,,41,744,,,
NR SA,,,,,41,744,,,
NR SA,,,,,41,744,,,
NR SA,,,,,41,744,,,
NR SA,,,,,41,744,,,
NR SA,,,,,41,744,,,
NR SA,,,,,41,744,,,
NR SA,,,,,41,744,,,
NR SA,,,,,41,744,,,
,,,-87.459425,8.887147,,,,3.956349,0.296473
NR SA,,,,,41,744,,,
NR SA,,,,,41,744,,,
NR SA,,,,,41,744,,,
NR SA,,,,,41,744,,,
NR SA,,,,,41,744,,,
NR SA,,,,,41,744,,,
NR SA,,,,,41,744,,,
NR SA,,,,,41,744,,,
NR SA,,,,,41,744,,,
NR SA,,,,,41,744,,,
NR SA,,,,,41,744,,,
NR SA,,,,,41,744,,,
NR SA,,,,,41,744,,,
,,,-86.964260,8.972473,,,,3.867644,0.284433
NR SA,,,,,41,744,,,
NR SA,,,,,41,744,,,
NR SA,,,,,41,744,,,
NR SA,,,,,41,744,,,
NR SA,,,,,41,744,,,
NR SA,,,,,41,744,,,
NR SA,,,,,41,744,,,
NR SA,,,,,41,744,,,
NR SA,,,,,41,744,,,
NR SA,,,,,41,744,,,
NR SA,,,,,41,744,,,
NR SA,,,,,41,744,,,
NR SA,,,,,41,744,,,
NR SA,,,,,41,744,,,
,,,-86.187260,9.013573,,,,3.932115,0.285611
NR SA,,,,,41,744,,,
NR SA,,,,,41,744,,,
NR SA,,,,,41,744,,,
NR SA,,,,,41,744,,,
NR SA,,,,,41,744,,,
NR SA,,,,,41,744,,,
NR SA,,,,,41,744,,,
NR SA,,,,,41,744,,,
NR SA,,,,,41,744,,,
NR SA,,,,,41,744,,,
NR SA,,,,,41,744,,,
NR SA,,,,,41,744,,,
NR SA,,,,,41,744,,,
NR SA,,,,,41,744,,,
,,,-85.958275,8.883493,,,,2.949224,0.356878
NR SA,,,,,41,744,,,
NR SA,,,,,41,744,,,
NR SA,,,,,41,744,,,
NR SA,,,,,41,744,,,
NR SA,,,,,41,744,,,
NR SA,,,,,41,744,,,
NR SA,,,,,41,744,,,
NR SA,,,,,41,744,,,
NR SA,,,,,41,744,,,
NR SA,,,,,41,744,,,
NR SA,,,,,41,744,,,
NR SA,,,,,41,744,,,
NR SA,,,,,41,744,,,
NR SA,,,,,41,744,,,
NR SA,,,,,41,744,,,
,,,-86.137257,9.145875,,,,3.295825,0.320841
NR SA,,,,,41,744,,,
NR SA,,,,,41,744,,,
NR SA,,,,,41,744,,,
NR SA,,,,,41,744,,,
NR SA,,,,,41,744,,,
NR SA,,,,,41,744,,,
NR SA,,,,,41,744,,,
NR SA,,,,,41,744,,,
NR SA,,,,,41,744,,,
NR SA,,,,,41,744,,,
NR SA,,,,,41,744,,,
NR SA,,,,,41,744,,,
NR SA,,,,,41,744,,,
NR SA,,,,,41,744,,,
,,,-86.681013,7.048016,,,,3.640101,0.315430
NR SA,,,,,41,744,,,
NR SA,,,,,41,744,,,
NR SA,,,,,41,744,,,
NR SA,,,,,41,744,,,
NR SA,,,,,41,744,,,
NR SA,,,,,41,744,,,
NR SA,,,,,41,744,,,
NR SA,,,,,41,744,,,
NR SA,,,,,41,744,,,
NR SA,,,,,41,744,,,
NR SA,,,,,41,744,,,
NR SA,,,,,41,744,,,
NR SA,,,,,41,744,,,
,,,-86.264909,7.021662,,,,3.933518,0.283323
NR SA,,,,,41,744,,,
NR SA,,,,,41,744,,,
NR SA,,,,,41,744,,,
NR SA,,,,,41,744,,,
NR SA,,,,,41,744,,,
NR SA,,,,,41,744,,,
NR SA,,,,,41,744,,,
NR SA,,,,,41,744,,,
NR SA,,,,,41,744,,,
NR SA,,,,,41,744,,,
NR SA,,,,,41,744,,,
NR SA,,,,,41,744,,,
NR SA,,,,,41,744,,,
NR SA,,,,,41,744,,,
NR SA,,,,,41,744,,,
,,,-87.256507,5.860597,,,,3.913312,0.284070
NR SA,,,,,41,744,,,
NR SA,,,,,41,744,,,
NR SA,,,,,41,744,,,
NR SA,,,,,41,744,,,
NR SA,,,,,41,744,,,
NR SA,,,,,41,744,,,
NR SA,,,,,41,744,,,
NR SA,,,,,41,744,,,
NR SA,,,,,41,744,,,
NR SA,,,,,41,744,,,
NR SA,,,,,41,744,,,
NR SA,,,,,41,744,,,
NR SA,,,,,41,744,,,
,,,-87.160269,8.260837,,,,3.815617,0.323185
NR SA,,,,,41,744,,,
NR SA,,,,,41,744,,,
NR SA,,,,,41,744,,,
NR SA,,,,,41,744,,,
NR SA,,,,,41,744,,,
NR SA,,,,,41,744,,,
NR SA,,,,,41,744,,,
NR SA,,,,,41,744,,,
NR SA,,,,,41,744,,,
NR SA,,,,,41,744,,,
NR SA,,,,,41,744,,,
NR SA,,,,,41,744,,,
NR SA,,,,,41,744,,,
NR SA,,,,,41,744,,,
,,,-84.898072,10.142889,,,,3.927492,0.306880
NR SA,,,,,41,744,,,
NR SA,,,,,41,744,,,
NR SA,,,,,41,744,,,
NR SA,,,,,41,744,,,
NR SA,,,,,41,744,,,
NR SA,,,,,41,744,,,
NR SA,,,,,41,744,,,
NR SA,,,,,41,744,,,
NR SA,,,,,41,744,,,
NR SA,,,,,41,744,,,
NR SA,,,,,41,744,,,
NR SA,,,,,41,744,,,
NR SA,,,,,41,744,,,
NR SA,,,,,41,744,,,
NR SA,,,,,41,744,,,
,,,-83.712569,11.472763,,,,2.907979,0.305576
NR SA,,,,,41,744,,,
NR SA,,,,,41,744,,,
NR SA,,,,,41,744,,,
NR SA,,,,,41,744,,,
NR SA,,,,,41,744,,,
NR SA,,,,,41,744,,,
NR SA,,,,,41,744,,,
NR SA,,,,,41,744,,,
NR SA,,,,,41,744,,,
NR SA,,,,,41,744,,,
NR SA,,,,,41,744,,,
NR SA,,,,,41,744,,,
NR SA,,,,,41,744,,,
NR SA,,,,,41,744,,,
,,,-85.473574,11.268378,,,,3.933103,0.300784
NR SA,,,,,41,744,,,
NR SA,,,,,41,744,,,
NR SA,,,,,41,744,,,
NR SA,,,,,41,744,,,
NR SA,,,,,41,744,,,
NR SA,,,,,41,744,,,
NR SA,,,,,41,744,,,
NR SA,,,,,41,744,,,
NR SA,,,,,41,744,,,
NR SA,,,,,41,744,,,
NR SA,,,,,41,744,,,
NR SA,,,,,41,744,,,
NR SA,,,,,41,744,,,
NR SA,,,,,41,744,,,
,,,-84.518135,7.989345,,,,3.861768,0.296766
NR SA,,,,,41,744,,,
NR SA,,,,,41,744,,,
NR SA,,,,,41,744,,,
NR SA,,,,,41,744,,,
NR SA,,,,,41,744,,,
NR SA,,,,,41,744,,,
NR SA,,,,,41,744,,,
NR SA,,,,,41,744,,,
NR SA,,,,,41,744,,,
NR SA,,,,,41,744,,,
NR SA,,,,,41,744,,,
NR SA,,,,,41,744,,,
NR SA,,,,,41,744,,,
NR SA,,,,,41,744,,,
,,,-84.154274,5.099805,,,,3.735281,0.311280
NR SA,,,,,41,744,,,
NR SA,,,,,41,744,,,
NR SA,,,,,41,744,,,
NR SA,,,,,41,744,,,
NR SA,,,,,41,744,,,
NR SA,,,,,41,744,,,
NR SA,,,,,41,744,,,
NR SA,,,,,41,744,,,
NR SA,,,,,41,744,,,
NR SA,,,,,41,744,,,
NR SA,,,,,41,744,,,
NR SA,,,,,41,744,,,
NR SA,,,,,41,744,,,
,,,-85.385365,11.082799,,,,3.879249,0.295193
NR SA,,,,,41,744,,,
NR SA,,,,,41,744,,,
NR SA,,,,,41,744,,,
NR SA,,,,,41,744,,,
NR SA,,,,,41,744,,,
NR SA,,,,,41,744,,,
NR SA,,,,,41,744,,,
NR SA,,,,,41,744,,,
NR SA,,,,,41,744,,,
NR SA,,,,,41,744,,,
NR SA,,,,,41,744,,,
NR SA,,,,,41,744,,,
NR SA,,,,,41,744,,,
NR SA,,,,,41,744,,,
,,,-86.623569,10.387901,,,,3.934343,0.308612
NR SA,,,,,41,744,,,
NR SA,,,,,41,744,,,
NR SA,,,,,41,744,,,
NR SA,,,,,41,744,,,
NR SA,,,,,41,744,,,
NR SA,,,,,41,744,,,
NR SA,,,,,41,744,,,
NR SA,,,,,41,744,,,
NR SA,,,,,41,744,,,
NR SA,,,,,41,744,,,
NR SA,,,,,41,744,,,
NR SA,,,,,41,744,,,
NR SA,,,,,41,744,,,
NR SA,,,,,41,744,,,
NR SA,,,,,41,744,,,
,,,-86.458616,7.272070,,,,3.853175,0.291850
NR SA,,,,,41,744,,,
NR SA,,,,,41,744,,,
NR SA,,,,,41,744,,,
NR SA,,,,,41,744,,,
NR SA,,,,,41,744,,,
NR SA,,,,,41,744,,,
NR SA,,,,,41,744,,,
NR SA,,,,,41,744,,,
NR SA,,,,,41,744,,,
NR SA,,,,,41,744,,,
NR SA,,,,,41,744,,,
NR SA,,,,,41,744,,,
NR SA,,,,,41,744,,,
,,,-84.028990,11.074100,,,,3.859203,0.289661
NR SA,,,,,41,744,,,
NR SA,,,,,41,744,,,
NR SA,,,,,41,744,,,
NR SA,,,,,41,744,,,
NR SA,,,,,41,744,,,
NR SA,,,,,41,744,,,
NR SA,,,,,41,744,,,
NR SA,,,,,41,744,,,
NR SA,,,,,41,744,,,
NR SA,,,,,41,744,,,
NR SA,,,,,41,744,,,
NR SA,,,,,41,744,,,
NR SA,,,,,41,744,,,
NR SA,,,,,41,744,,,
,,,-83.591023,11.928352,,,,3.891200,0.308652
NR SA,,,,,41,744,,,
NR SA,,,,,41,744,,,
NR SA,,,,,41,744,,,
NR SA,,,,,41,744,,,
NR SA,,,,,41,744,,,
NR SA,,,,,41,744,,,
NR SA,,,,,41,744,,,
NR SA,,,,,41,744,,,
NR SA,,,,,41,744,,,
NR SA,,,,,41,744,,,
NR SA,,,,,41,744,,,
NR SA,,,,,41,744,,,
NR SA,,,,,41,744,,,
NR SA,,,,,41,744,,,
,,,-83.521638,12.326335,,,,3.974593,0.283697
NR SA,,,,,41,744,,,
NR SA,,,,,41,744,,,
NR SA,,,,,41,744,,,
NR SA,,,,,41,744,,,
NR SA,,,,,41,744,,,
NR SA,,,,,41,744,,,
NR SA,,,,,41,744,,,
NR SA,,,,,41,744,,,
NR SA,,,,,41,744,,,
NR SA,,,,,41,744,,,
NR SA,,,,,41,744,,,
NR SA,,,,,41,744,,,
NR SA,,,,,41,744,,,
NR SA,,,,,41,744,,,
NR SA,,,,,41,744,,,
,,,-82.975573,11.581245,,,,3.961396,0.294709
NR SA,,,,,41,744,,,
NR SA,,,,,41,744,,,
NR SA,,,,,41,744,,,
NR SA,,,,,41,744,,,
NR SA,,,,,41,744,,,
NR SA,,,,,41,744,,,
NR SA,,,,,41,744,,,
NR SA,,,,,41,744,,,
NR SA,,,,,41,744,,,
NR SA,,,,,41,744,,,
NR SA,,,,,41,744,,,
NR SA,,,,,41,744,,,
NR SA,,,,,41,744,,,
,,,-83.091205,11.528805,,,,3.663423,0.290971
NR SA,,,,,41,744,,,
NR SA,,,,,41,744,,,
NR SA,,,,,41,744,,,
NR SA,,,,,41,744,,,
NR SA,,,,,41,744,,,
NR SA,,,,,41,744,,,
NR SA,,,,,41,744,,,
NR SA,,,,,41,744,,,
NR SA,,,,,41,744,,,
NR SA,,,,,41,744,,,
NR SA,,,,,41,744,,,
NR SA,,,,,41,744,,,
NR SA,,,,,41,744,,,
NR SA,,,,,41,744,,,
NR SA,,,,,41,744,,,
,,,-81.711256,11.469882,,,,3.749369,0.294217
NR SA,,,,,41,744,,,
NR SA,,,,,41,744,,,
NR SA,,,,,41,744,,,
NR SA,,,,,41,744,,,
NR SA,,,,,41,744,,,
NR SA,,,,,41,744,,,
NR SA,,,,,41,744,,,
NR SA,,,,,41,744,,,
NR SA,,,,,41,744,,,
NR SA,,,,,41,744,,,
NR SA,,,,,41,744,,,
NR SA,,,,,41,744,,,
NR SA,,,,,41,744,,,
NR SA,,,,,41,744,,,
,,,-81.811877,12.133087,,,,3.763712,0.319705
NR SA,,,,,41,744,,,
NR SA,,,,,41,744,,,
NR SA,,,,,41,744,,,
NR SA,,,,,41,744,,,
NR SA,,,,,41,744,,,
NR SA,,,,,41,744,,,
NR SA,,,,,41,744,,,
NR SA,,,,,41,744,,,
NR SA,,,,,41,744,,,
NR SA,,,,,41,744,,,
NR SA,,,,,41,744,,,
NR SA,,,,,41,744,,,
NR SA,,,,,41,744,,,
NR SA,,,,,41,744,,,
,,,-82.292390,11.710068,,,,3.849622,0.304076
NR SA,,,,,41,744,,,
NR SA,,,,,41,744,,,
NR SA,,,,,41,744,,,
NR SA,,,,,41,744,,,
NR SA,,,,,41,744,,,
NR SA,,,,,41,744,,,
NR SA,,,,,41,744,,,
NR SA,,,,,41,744,,,
NR SA,,,,,41,744,,,
NR SA,,,,,41,744,,,
NR SA,,,,,41,744,,,
NR SA,,,,,41,744,,,
NR SA,,,,,41,744,,,
NR SA,,,,,41,744,,,
,,,-82.155942,12.584087,,,,3.985188,0.298540
NR SA,,,,,41,744,,,
NR SA,,,,,41,744,,,
NR SA,,,,,41,744,,,
NR SA,,,,,41,744,,,
NR SA,,,,,41,744,,,
NR SA,,,,,41,744,,,
NR SA,,,,,41,744,,,
NR SA,,,,,41,744,,,
NR SA,,,,,41,744,,,
NR SA,,,,,41,744,,,
NR SA,,,,,41,744,,,
NR SA,,,,,41,744,,,
NR SA,,,,,41,744,,,
NR SA,,,,,41,744,,,
,,,-82.794050,12.137630,,,,3.904332,0.305501
NR SA,,,,,41,744,,,
NR SA,,,,,41,744,,,
NR SA,,,,,41,744,,,
NR SA,,,,,41,744,,,
NR SA,,,,,41,744,,,
NR SA,,,,,41,744,,,
NR SA,,,,,41,744,,,
NR SA,,,,,41,744,,,
NR SA,,,,,41,744,,,
NR SA,,,,,41,744,,,
NR SA,,,,,41,744,,,
NR SA,,,,,41,744,,,
NR SA,,,,,41,744,,,
NR SA,,,,,41,744,,,
,,,-82.797771,10.953460,,,,3.929537,0.285576
NR SA,,,,,41,744,,,
NR SA,,,,,41,744,,,
NR SA,,,,,41,744,,,
NR SA,,,,,41,744,,,
NR SA,,,,,41,744,,,
NR SA,,,,,41,744,,,
NR SA,,,,,41,744,,,
NR SA,,,,,41,744,,,
NR SA,,,,,41,744,,,
NR SA,,,,,41,744,,,
NR SA,,,,,41,744,,,
NR SA,,,,,41,744,,,
NR SA,,,,,41,744,,,
NR SA,,,,,41,744,,,
,,,-83.343349,10.561237,,,,3.884360,0.297184
NR SA,,,,,41,744,,,
NR SA,,,,,41,744,,,
NR SA,,,,,41,744,,,
NR SA,,,,,41,744,,,
NR SA,,,,,41,744,,,
NR SA,,,,,41,744,,,
NR SA,,,,,41,744,,,
NR SA,,,,,41,744,,,
NR SA,,,,,41,744,,,
NR SA,,,,,41,744,,,
NR SA,,,,,41,744,,,
NR SA,,,,,41,744,,,
NR SA,,,,,41,744,,,
NR SA,,,,,41,744,,,
,,,-83.716916,10.410852,,,,3.905859,0.286794
NR SA,,,,,41,744,,,
NR SA,,,,,41,744,,,
NR SA,,,,,41,744,,,
NR SA,,,,,41,744,,,
NR SA,,,,,41,744,,,
NR SA,,,,,41,744,,,
NR SA,,,,,41,744,,,
NR SA,,,,,41,744,,,
NR SA,,,,,41,744,,,
NR SA,,,,,41,744,,,
NR SA,,,,,41,744,,,
NR SA,,,,,41,744,,,
NR SA,,,,,41,744,,,
NR SA,,,,,41,744,,,
,,,-83.353890,11.392250,,,,3.860576,0.286017
NR SA,,,,,41,744,,,
NR SA,,,,,41,744,,,
NR SA,,,,,41,744,,,
NR SA,,,,,41,744,,,
NR SA,,,,,41,744,,,
NR SA,,,,,41,744,,,
NR SA,,,,,41,744,,,
NR SA,,,,,41,744,,,
NR SA,,,,,41,744,,,
NR SA,,,,,41,744,,,
NR SA,,,,,41,744,,,
NR SA,,,,,41,744,,,
NR SA,,,,,41,744,,,
,,,-83.501740,10.718673,,,,3.893166,0.320436
NR SA,,,,,41,744,,,
NR SA,,,,,41,744,,,
NR SA,,,,,41,744,,,
NR SA,,,,,41,744,,,
NR SA,,,,,41,744,,,
NR SA,,,,,41,744,,,
NR SA,,,,,41,744,,,
NR SA,,,,,41,744,,,
NR SA,,,,,41,744,,,
NR SA,,,,,41,744,,,
NR SA,,,,,41,744,,,
NR SA,,,,,41,744,,,
NR SA,,,,,41,744,,,
NR SA,,,,,41,744,,,
,,,-82.626282,10.342032,,,,3.533551,0.317874
NR SA,,,,,41,744,,,
NR SA,,,,,41,744,,,
NR SA,,,,,41,744,,,
NR SA,,,,,41,744,,,
NR SA,,,,,41,744,,,
NR SA,,,,,41,744,,,
NR SA,,,,,41,744,,,
NR SA,,,,,41,744,,,
NR SA,,,,,41,744,,,
NR SA,,,,,41,744,,,
NR SA,,,,,41,744,,,
NR SA,,,,,41,744,,,
NR SA,,,,,41,744,,,
NR SA,,,,,41,744,,,
NR SA,,,,,41,744,,,
,,,-83.168046,10.316164,,,,3.741114,0.317753
NR SA,,,,,41,744,,,
NR SA,,,,,41,744,,,
NR SA,,,,,41,744,,,
NR SA,,,,,41,744,,,
NR SA,,,,,41,744,,,
NR SA,,,,,41,744,,,
NR SA,,,,,41,744,,,
NR SA,,,,,41,744,,,
NR SA,,,,,41,744,,,
NR SA,,,,,41,744,,,
NR SA,,,,,41,744,,,
NR SA,,,,,41,744,,,
NR SA,,,,,41,744,,,
NR SA,,,,,41,744,,,
,,,-82.737129,11.126407,,,,3.951440,0.299544
NR SA,,,,,41,744,,,
NR SA,,,,,41,744,,,
NR SA,,,,,41,744,,,
NR SA,,,,,41,744,,,
NR SA,,,,,41,744,,,
NR SA,,,,,41,744,,,
NR SA,,,,,41,744,,,
NR SA,,,,,41,744,,,
NR SA,,,,,41,744,,,
NR SA,,,,,41,744,,,
NR SA,,,,,41,744,,,
NR SA,,,,,41,744,,,
NR SA,,,,,41,744,,,
,,,-82.431734,11.294320,,,,3.880125,0.310705
NR SA,,,,,41,744,,,
NR SA,,,,,41,744,,,
NR SA,,,,,41,744,,,
NR SA,,,,,41,744,,,
NR SA,,,,,41,744,,,
NR SA,,,,,41,744,,,
NR SA,,,,,41,744,,,
NR SA,,,,,41,744,,,
NR SA,,,,,41,744,,,
NR SA,,,,,41,744,,,
NR SA,,,,,41,744,,,
NR SA,,,,,41,744,,,
NR SA,,,,,41,744,,,
NR SA,,,,,41,744,,,
NR SA,,,,,41,744,,,
,,,-82.652859,11.157860,,,,3.934674,0.292044
NR SA,,,,,41,744,,,
NR SA,,,,,41,744,,,
NR SA,,,,,41,744,,,
NR SA,,,,,41,744,,,
NR SA,,,,,41,744,,,
NR SA,,,,,41,744,,,
NR SA,,,,,41,744,,,
NR SA,,,,,41,744,,,
NR SA,,,,,41,744,,,
NR SA,,,,,41,744,,,
NR SA,,,,,41,744,,,
NR SA,,,,,41,744,,,
NR SA,,,,,41,744,,,
,,,-82.466279,10.975218,,,,3.968381,0.289246
NR SA,,,,,41,744,,,
NR SA,,,,,41,744,,,
NR SA,,,,,41,744,,,
NR SA,,,,,41,744,,,
NR SA,,,,,41,744,,,
NR SA,,,,,41,744,,,
NR SA,,,,,41,744,,,
NR SA,,,,,41,744,,,
NR SA,,,,,41,744,,,
NR SA,,,,,41,744,,,
NR SA,,,,,41,744,,,
NR SA,,,,,41,744,,,
NR SA,,,,,41,744,,,
NR SA,,,,,41,744,,,
,,,-82.948678,10.540392,,,,3.846200,0.291643
NR SA,,,,,41,744,,,
NR SA,,,,,41,744,,,
NR SA,,,,,41,744,,,
NR SA,,,,,41,744,,,
NR SA,,,,,41,744,,,
NR SA,,,,,41,744,,,
NR SA,,,,,41,744,,,
NR SA,,,,,41,744,,,
NR SA,,,,,41,744,,,
NR SA,,,,,41,744,,,
NR SA,,,,,41,744,,,
NR SA,,,,,41,744,,,
NR SA,,,,,41,744,,,
NR SA,,,,,41,744,,,
,,,-82.972180,10.459183,,,,3.908994,0.286611
NR SA,,,,,41,744,,,
NR SA,,,,,41,744,,,
NR SA,,,,,41,744,,,
NR SA,,,,,41,744,,,
NR SA,,,,,41,744,,,
NR SA,,,,,41,744,,,
NR SA,,,,,41,744,,,
NR SA,,,,,41,744,,,
NR SA,,,,,41,744,,,
NR SA,,,,,41,744,,,
NR SA,,,,,41,744,,,
NR SA,,,,,41,744,,,
NR SA,,,,,41,744,,,
NR SA,,,,,41,744,,,
,,,-82.764716,10.850602,,,,3.324578,0.315679
NR SA,,,,,41,744,,,
NR SA,,,,,41,744,,,
NR SA,,,,,41,744,,,
NR SA,,,,,41,744,,,
NR SA,,,,,41,744,,,
NR SA,,,,,41,744,,,
NR SA,,,,,41,744,,,
NR SA,,,,,41,744,,,
NR SA,,,,,41,744,,,
NR SA,,,,,41,744,,,
NR SA,,,,,41,744,,,
NR SA,,,,,41,744,,,
NR SA,,,,,41,744,,,
NR SA,,,,,41,744,,,
NR SA,,,,,41,744,,,
,,,-83.079727,10.494911,,,,3.900104,0.300935
NR SA,,,,,41,744,,,
NR SA,,,,,41,744,,,
NR SA,,,,,41,744,,,
NR SA,,,,,41,744,,,
NR SA,,,,,41,744,,,
NR SA,,,,,41,744,,,
NR SA,,,,,41,744,,,
NR SA,,,,,41,744,,,
NR SA,,,,,41,744,,,
NR SA,,,,,41,744,,,
NR SA,,,,,41,744,,,
NR SA,,,,,41,744,,,
NR SA,,,,,41,744,,,
NR SA,,,,,41,744,,,
,,,-82.312390,11.011664,,,,3.890376,0.295202
NR SA,,,,,41,744,,,
NR SA,,,,,41,744,,,
NR SA,,,,,41,744,,,
NR SA,,,,,41,744,,,
NR SA,,,,,41,744,,,
NR SA,,,,,41,744,,,
NR SA,,,,,41,744,,,
NR SA,,,,,41,744,,,
NR SA,,,,,41,744,,,
NR SA,,,,,41,744,,,
NR SA,,,,,41,744,,,
NR SA,,,,,41,744,,,
NR SA,,,,,41,744,,,
NR SA,,,,,41,744,,,
,,,-82.086203,11.900762,,,,3.827494,0.290287
NR SA,,,,,41,744,,,
NR SA,,,,,41,744,,,
NR SA,,,,,41,744,,,
NR SA,,,,,41,744,,,
NR SA,,,,,41,744,,,
NR SA,,,,,41,744,,,
NR SA,,,,,41,744,,,
NR SA,,,,,41,744,,,
NR SA,,,,,41,744,,,
NR SA,,,,,41,744,,,
NR SA,,,,,41,744,,,
NR SA,,,,,41,744,,,
NR SA,,,,,41,744,,,
NR SA,,,,,41,744,,,
,,,-83.262716,11.553844,,,,3.922591,0.287492
NR SA,,,,,41,744,,,
NR SA,,,,,41,744,,,
NR SA,,,,,41,744,,,
NR SA,,,,,41,744,,,
NR SA,,,,,41,744,,,
NR SA,,,,,41,744,,,
NR SA,,,,,41,744,,,
NR SA,,,,,41,744,,,
NR SA,,,,,41,744,,,
NR SA,,,,,41,744,,,
NR SA,,,,,41,744,,,
NR SA,,,,,41,744,,,
NR SA,,,,,41,744,,,
NR SA,,,,,41,744,,,
,,,-83.395317,9.174039,,,,3.857390,0.302100
NR SA,,,,,41,744,,,
NR SA,,,,,41,744,,,
NR SA,,,,,41,744,,,
NR SA,,,,,41,744,,,
NR SA,,,,,41,744,,,
NR SA,,,,,41,744,,,
NR SA,,,,,41,744,,,
NR SA,,,,,41,744,,,
NR SA,,,,,41,744,,,
NR SA,,,,,41,744,,,
NR SA,,,,,41,744,,,
NR SA,,,,,41,744,,,
NR SA,,,,,41,744,,,
NR SA,,,,,41,744,,,
,,,-82.689583,10.151000,,,,3.875739,0.287868
NR SA,,,,,41,744,,,
NR SA,,,,,41,744,,,
NR SA,,,,,41,744,,,
NR SA,,,,,41,744,,,
NR SA,,,,,41,744,,,
NR SA,,,,,41,744,,,
NR SA,,,,,41,744,,,
NR SA,,,,,41,744,,,
NR SA,,,,,41,744,,,
NR SA,,,,,41,744,,,
NR SA,,,,,41,744,,,
NR SA,,,,,41,744,,,
NR SA,,,,,41,744,,,
,,,-84.275659,9.772734,,,,3.822845,0.287129
NR SA,,,,,41,744,,,
NR SA,,,,,41,744,,,
NR SA,,,,,41,744,,,
NR SA,,,,,41,744,,,
NR SA,,,,,41,744,,,
NR SA,,,,,41,744,,,
NR SA,,,,,41,744,,,
NR SA,,,,,41,744,,,
NR SA,,,,,41,744,,,
NR SA,,,,,41,744,,,
NR SA,,,,,41,744,,,
NR SA,,,,,41,744,,,
NR SA,,,,,41,744,,,
NR SA,,,,,41,744,,,
NR SA,,,,,41,744,,,
,,,-82.602521,10.804326,,,,3.879362,0.305934
NR SA,,,,,41,744,,,
NR SA,,,,,41,744,,,
NR SA,,,,,41,744,,,
NR SA,,,,,41,744,,,
NR SA,,,,,41,744,,,
NR SA,,,,,41,744,,,
NR SA,,,,,41,744,,,
NR SA,,,,,41,744,,,
NR SA,,,,,41,744,,,
NR SA,,,,,41,744,,,
NR SA,,,,,41,744,,,
NR SA,,,,,41,744,,,
NR SA,,,,,41,744,,,
NR SA,,,,,41,744,,,
,,,-83.591932,10.532265,,,,3.661127,0.298126
NR SA,,,,,41,744,,,
NR SA,,,,,41,744,,,
NR SA,,,,,41,744,,,
NR SA,,,,,41,744,,,
NR SA,,,,,41,744,,,
NR SA,,,,,41,744,,,
NR SA,,,,,41,744,,,
NR SA,,,,,41,744,,,
NR SA,,,,,41,744,,,
NR SA,,,,,41,744,,,
NR SA,,,,,41,744,,,
NR SA,,,,,41,744,,,
NR SA,,,,,41,744,,,
,,,-82.368721,11.694771,,,,3.962218,0.290385
NR SA,,,,,41,744,,,
NR SA,,,,,41,744,,,
NR SA,,,,,41,744,,,
NR SA,,,,,41,744,,,
NR SA,,,,,41,744,,,
NR SA,,,,,41,744,,,
NR SA,,,,,41,744,,,
NR SA,,,,,41,744,,,
NR SA,,,,,41,744,,,
NR SA,,,,,41,744,,,
NR SA,,,,,41,744,,,
NR SA,,,,,41,744,,,
NR SA,,,,,41,744,,,
NR SA,,,,,41,744,,,
,,,-82.579978,10.764043,,,,3.839086,0.297391
NR SA,,,,,41,744,,,
NR SA,,,,,41,744,,,
NR SA,,,,,41,744,,,
NR SA,,,,,41,744,,,
NR SA,,,,,41,744,,,
NR SA,,,,,41,744,,,
NR SA,,,,,41,744,,,
NR SA,,,,,41,744,,,
NR SA,,,,,41,744,,,
NR SA,,,,,41,744,,,
NR SA,,,,,41,744,,,
NR SA,,,,,41,744,,,
NR SA,,,,,41,744,,,
NR SA,,,,,41,744,,,
,,,-82.274715,10.414972,,,,3.950512,0.295266
NR SA,,,,,41,744,,,
NR SA,,,,,41,744,,,
NR SA,,,,,41,744,,,
NR SA,,,,,41,744,,,
NR SA,,,,,41,744,,,
NR SA,,,,,41,744,,,
NR SA,,,,,41,744,,,
NR SA,,,,,41,744,,,
NR SA,,,,,41,744,,,
NR SA,,,,,41,744,,,
NR SA,,,,,41,744,,,
NR SA,,,,,41,744,,,
NR SA,,,,,41,744,,,
NR SA,,,,,41,744,,,
NR SA,,,,,41,744,,,
,,,-83.174950,10.984482,,,,3.874062,0.292752
NR SA,,,,,41,744,,,
NR SA,,,,,41,744,,,
NR SA,,,,,41,744,,,
NR SA,,,,,41,744,,,
NR SA,,,,,41,744,,,
NR SA,,,,,41,744,,,
NR SA,,,,,41,744,,,
NR SA,,,,,41,744,,,
NR SA,,,,,41,744,,,
NR SA,,,,,41,744,,,
NR SA,,,,,41,744,,,
NR SA,,,,,41,744,,,
NR SA,,,,,41,744,,,
NR SA,,,,,41,744,,,
,,,-83.126964,10.917927,,,,3.511831,0.307583
NR SA,,,,,41,744,,,
NR SA,,,,,41,744,,,
NR SA,,,,,41,744,,,
NR SA,,,,,41,744,,,
NR SA,,,,,41,744,,,
NR SA,,,,,41,744,,,
NR SA,,,,,41,744,,,
NR SA,,,,,41,744,,,
NR SA,,,,,41,744,,,
NR SA,,,,,41,744,,,
NR SA,,,,,41,744,,,
NR SA,,,,,41,744,,,
NR SA,,,,,41,744,,,
NR SA,,,,,41,744,,,
,,,-86.102858,8.596190,,,,3.876714,0.298011
NR SA,,,,,41,744,,,
NR SA,,,,,41,744,,,
NR SA,,,,,41,744,,,
NR SA,,,,,41,744,,,
NR SA,,,,,41,744,,,
NR SA,,,,,41,744,,,
NR SA,,,,,41,744,,,
NR SA,,,,,41,744,,,
NR SA,,,,,41,744,,,
NR SA,,,,,41,744,,,
NR SA,,,,,41,744,,,
NR SA,,,,,41,744,,,
NR SA,,,,,41,744,,,
NR SA,,,,,41,744,,,
,,,-86.072365,8.817384,,,,3.880946,0.302328
NR SA,,,,,41,744,,,
NR SA,,,,,41,744,,,
NR SA,,,,,41,744,,,
NR SA,,,,,41,744,,,
NR SA,,,,,41,744,,,
NR SA,,,,,41,744,,,
NR SA,,,,,41,744,,,
NR SA,,,,,41,744,,,
NR SA,,,,,41,744,,,
NR SA,,,,,41,744,,,
NR SA,,,,,41,744,,,
NR SA,,,,,41,744,,,
NR SA,,,,,41,744,,,
,,,-85.669747,7.273487,,,,3.850618,0.297627
NR SA,,,,,41,744,,,
NR SA,,,,,41,744,,,
NR SA,,,,,41,744,,,
NR SA,,,,,41,744,,,
NR SA,,,,,41,744,,,
NR SA,,,,,41,744,,,
NR SA,,,,,41,744,,,
NR SA,,,,,41,744,,,
NR SA,,,,,41,744,,,
NR SA,,,,,41,744,,,
NR SA,,,,,41,744,,,
NR SA,,,,,41,744,,,
NR SA,,,,,41,744,,,
NR SA,,,,,41,744,,,
NR SA,,,,,41,744,,,
,,,-84.013789,8.029285,,,,3.694645,0.315053
NR SA,,,,,41,744,,,
NR SA,,,,,41,744,,,
NR SA,,,,,41,744,,,
NR SA,,,,,41,744,,,
NR SA,,,,,41,744,,,
NR SA,,,,,41,744,,,
NR SA,,,,,41,744,,,
NR SA,,,,,41,744,,,
NR SA,,,,,41,744,,,
NR SA,,,,,41,744,,,
NR SA,,,,,41,744,,,
NR SA,,,,,41,744,,,
NR SA,,,,,41,744,,,
,,,-86.374886,7.522557,,,,3.892506,0.292456
NR SA,,,,,41,744,,,
NR SA,,,,,41,744,,,
NR SA,,,,,41,744,,,
NR SA,,,,,41,744,,,
NR SA,,,,,41,744,,,
NR SA,,,,,41,744,,,
NR SA,,,,,41,744,,,
NR SA,,,,,41,744,,,
NR SA,,,,,41,744,,,
NR SA,,,,,41,744,,,
NR SA,,,,,41,744,,,
NR SA,,,,,41,744,,,
NR SA,,,,,41,744,,,
NR SA,,,,,41,744,,,
,,,-85.803744,8.087019,,,,4.010959,0.286490
NR SA,,,,,41,744,,,
NR SA,,,,,41,744,,,
NR SA,,,,,41,744,,,
NR SA,,,,,41,744,,,
NR SA,,,,,41,744,,,
NR SA,,,,,41,744,,,
NR SA,,,,,41,744,,,
NR SA,,,,,41,744,,,
NR SA,,,,,41,744,,,
NR SA,,,,,41,744,,,
NR SA,,,,,41,744,,,
NR SA,,,,,41,744,,,
NR SA,,,,,41,744,,,
NR SA,,,,,41,744,,,
NR SA,,,,,41,744,,,
,,,-84.784257,8.825063,,,,3.787783,0.333422
NR SA,,,,,41,744,,,
NR SA,,,,,41,744,,,
NR SA,,,,,41,744,,,
NR SA,,,,,41,744,,,
NR SA,,,,,41,744,,,
NR SA,,,,,41,744,,,
NR SA,,,,,41,744,,,
NR SA,,,,,41,744,,,
NR SA,,,,,41,744,,,
NR SA,,,,,41,744,,,
NR SA,,,,,41,744,,,
NR SA,,,,,41,744,,,
NR SA,,,,,41,744,,,
NR SA,,,,,41,744,,,
,,,-86.462217,7.858619,,,,3.806786,0.304602
NR SA,,,,,41,744,,,
NR SA,,,,,41,744,,,
NR SA,,,,,41,744,,,
NR SA,,,,,41,744,,,
NR SA,,,,,41,744,,,
NR SA,,,,,41,744,,,
NR SA,,,,,41,744,,,
NR SA,,,,,41,744,,,
NR SA,,,,,41,744,,,
NR SA,,,,,41,744,,,
NR SA,,,,,41,744,,,
NR SA,,,,,41,744,,,
NR SA,,,,,41,744,,,
,,,-86.366201,7.168913,,,,3.904044,0.292992
NR SA,,,,,41,744,,,
NR SA,,,,,41,744,,,
NR SA,,,,,41,744,,,
NR SA,,,,,41,744,,,
NR SA,,,,,41,744,,,
NR SA,,,,,41,744,,,
NR SA,,,,,41,744,,,
NR SA,,,,,41,744,,,
NR SA,,,,,41,744,,,
NR SA,,,,,41,744,,,
NR SA,,,,,41,744,,,
NR SA,,,,,41,744,,,
NR SA,,,,,41,744,,,
NR SA,,,,,41,744,,,
,,,-86.818610,5.485602,,,,3.916437,0.287948
NR SA,,,,,41,744,,,
NR SA,,,,,41,744,,,
NR SA,,,,,41,744,,,
NR SA,,,,,41,744,,,
NR SA,,,,,41,744,,,
NR SA,,,,,41,744,,,
NR SA,,,,,41,744,,,
,,,,,41,744,,,
,,,,,41,744,,,
,,,,,41,744,,,
,,,,,41,744,,,
,,,,,41,744,,,
,,,,,41,744,,,
,,,,,41,744,,,
,,,-85.277933,10.663376,,,,3.835881,0.288008
,,,,,41,744,,,
,,,,,41,744,,,
NR SA,,,,,41,744,,,
NR SA,,,,,41,744,,,
NR SA,,,,,41,744,,,
NR SA,,,,,41,744,,,
NR SA,,,,,41,744,,,
NR SA,,,,,41,744,,,
NR SA,,,,,41,744,,,
NR SA,,,,,41,744,,,
NR SA,,,,,41,744,,,
NR SA,,,,,41,744,,,
NR SA,,,,,41,744,,,
NR SA,,,,,41,744,,,
,,,-85.905972,9.890638,,,,3.920175,0.296051
NR SA,,,,,41,744,,,
NR SA,,,,,41,744,,,
NR SA,,,,,41,744,,,
NR SA,,,,,41,744,,,
NR SA,,,,,41,744,,,
NR SA,,,,,41,744,,,
NR SA,,,,,41,744,,,
NR SA,,,,,41,744,,,
NR SA,,,,,41,744,,,
NR SA,,,,,41,744,,,
NR SA,,,,,41,744,,,
NR SA,,,,,41,744,,,
NR SA,,,,,41,744,,,
NR SA,,,,,41,744,,,
,,,,,41,744,,,
,,,-86.373535,10.641116,,,,3.747499,0.293270
,,,,,41,744,,,
,,,,,41,744,,,
,,,,,41,744,,,
,,,,,41,744,,,
,,,,,41,744,,,
,,,,,41,744,,,
,,,,,41,744,,,
,,,,,41,744,,,
,,,,,41,744,,,
NR SA,,,,,41,744,,,
NR SA,,,,,41,744,,,
NR SA,,,,,41,744,,,
NR SA,,,,,41,744,,,
,,,-86.029056,10.867297,,,,3.914319,0.289825
NR SA,,,,,41,744,,,
NR SA,,,,,41,744,,,
NR SA,,,,,41,744,,,
NR SA,,,,,41,744,,,
NR SA,,,,,41,744,,,
NR SA,,,,,41,744,,,
NR SA,,,,,41,744,,,
NR SA,,,,,41,744,,,
NR SA,,,,,41,744,,,
NR SA,,,,,41,744,,,
NR SA,,,,,41,744,,,
NR SA,,,,,41,744,,,
NR SA,,,,,41,744,,,
NR SA,,,,,41,744,,,
,,,-86.096414,9.999187,,,,3.892589,0.286553
NR SA,,,,,41,744,,,
NR SA,,,,,41,744,,,
NR SA,,,,,41,744,,,
NR SA,,,,,41,744,,,
NR SA,,,,,41,744,,,
NR SA,,,,,41,744,,,
NR SA,,,,,41,744,,,
NR SA,,,,,41,744,,,
NR SA,,,,,41,744,,,
NR SA,,,,,41,744,,,
NR SA,,,,,41,744,,,
NR SA,,,,,41,744,,,
NR SA,,,,,41,744,,,
NR SA,,,,,41,744,,,
NR SA,,,,,41,744,,,
,,,-85.233601,9.163519,,,,3.878543,0.304313
NR SA,,,,,41,744,,,
NR SA,,,,,41,744,,,
NR SA,,,,,41,744,,,
NR SA,,,,,41,744,,,
NR SA,,,,,41,744,,,
NR SA,,,,,41,744,,,
NR SA,,,,,41,744,,,
NR SA,,,,,41,744,,,
NR SA,,,,,41,744,,,
NR SA,,,,,41,744,,,
NR SA,,,,,41,744,,,
NR SA,,,,,41,744,,,
NR SA,,,,,41,744,,,
,,,-86.919011,8.696531,,,,3.777279,0.306736
NR SA,,,,,41,744,,,
NR SA,,,,,41,744,,,
NR SA,,,,,41,744,,,
NR SA,,,,,41,744,,,
NR SA,,,,,41,744,,,
NR SA,,,,,41,744,,,
NR SA,,,,,41,744,,,
NR SA,,,,,41,744,,,
NR SA,,,,,41,744,,,
NR SA,,,,,41,744,,,
NR SA,,,,,41,744,,,
NR SA,,,,,41,744,,,
NR SA,,,,,41,744,,,
NR SA,,,,,41,744,,,
NR SA,,,,,41,744,,,
,,,-85.131872,8.674694,,,,3.886280,0.297594
NR SA,,,,,41,744,,,
NR SA,,,,,41,744,,,
NR SA,,,,,41,744,,,
NR SA,,,,,41,744,,,
NR SA,,,,,41,744,,,
NR SA,,,,,41,744,,,
NR SA,,,,,41,744,,,
NR SA,,,,,41,744,,,
NR SA,,,,,41,744,,,
NR SA,,,,,41,744,,,
NR SA,,,,,41,744,,,
NR SA,,,,,41,744,,,
NR SA,,,,,41,744,,,
NR SA,,,,,41,744,,,
,,,-85.020654,11.291550,,,,3.873117,0.302585
NR SA,,,,,41,744,,,
NR SA,,,,,41,744,,,
NR SA,,,,,41,744,,,
NR SA,,,,,41,744,,,
NR SA,,,,,41,744,,,
NR SA,,,,,41,744,,,
NR SA,,,,,41,744,,,
NR SA,,,,,41,744,,,
NR SA,,,,,41,744,,,
NR SA,,,,,41,744,,,
NR SA,,,,,41,744,,,
NR SA,,,,,41,744,,,
NR SA,,,,,41,744,,,
NR SA,,,,,41,744,,,
,,,-89.977647,6.022811,,,,3.853475,0.314351
NR SA,,,,,41,744,,,
NR SA,,,,,41,744,,,
NR SA,,,,,41,744,,,
NR SA,,,,,41,744,,,
NR SA,,,,,41,744,,,
NR SA,,,,,41,744,,,
NR SA,,,,,41,744,,,
NR SA,,,,,41,272,,,
NR SA,,,,,41,272,,,
NR SA,,,,,41,272,,,
NR SA,,,,,41,272,,,
NR SA,,,,,41,272,,,
NR SA,,,,,41,272,,,
,,,-85.697311,11.101396,,,,2.937532,0.331168
NR SA,,,,,41,272,,,
NR SA,,,,,41,272,,,
NR SA,,,,,41,272,,,
NR SA,,,,,41,272,,,
NR SA,,,,,41,272,,,
NR SA,,,,,41,272,,,
NR SA,,,,,41,272,,,
NR SA,,,,,41,272,,,
NR SA,,,,,41,272,,,
NR SA,,,,,41,272,,,
NR SA,,,,,41,272,,,
NR SA,,,,,41,272,,,
NR SA,,,,,41,272,,,
NR SA,,,,,41,272,,,
,,,-85.964090,11.364304,,,,3.837138,0.281974
NR SA,,,,,41,272,,,
NR SA,,,,,41,272,,,
NR SA,,,,,41,272,,,
NR SA,,,,,41,272,,,
NR SA,,,,,41,272,,,
NR SA,,,,,41,272,,,
NR SA,,,,,41,272,,,
NR SA,,,,,41,272,,,
NR SA,,,,,41,272,,,
NR SA,,,,,41,272,,,
NR SA,,,,,41,272,,,
NR SA,,,,,41,272,,,
NR SA,,,,,41,272,,,
NR SA,,,,,41,272,,,
NR SA,,,,,41,272,,,
,,,-86.539941,9.968320,,,,3.838733,0.300297
NR SA,,,,,41,272,,,
NR SA,,,,,41,272,,,
NR SA,,,,,41,272,,,
NR SA,,,,,41,272,,,
NR SA,,,,,41,272,,,
NR SA,,,,,41,272,,,
NR SA,,,,,41,272,,,
NR SA,,,,,41,272,,,
NR SA,,,,,41,272,,,
NR SA,,,,,41,272,,,
NR SA,,,,,41,272,,,
NR SA,,,,,41,272,,,
NR SA,,,,,41,272,,,
,,,-84.931322,8.315203,,,,3.859211,0.293616
NR SA,,,,,41,272,,,
NR SA,,,,,41,272,,,
NR SA,,,,,41,272,,,
NR SA,,,,,41,272,,,
NR SA,,,,,41,272,,,
NR SA,,,,,41,272,,,
NR SA,,,,,41,272,,,
NR SA,,,,,41,272,,,
NR SA,,,,,41,272,,,
NR SA,,,,,41,272,,,
NR SA,,,,,41,272,,,
NR SA,,,,,41,272,,,
NR SA,,,,,41,272,,,
NR SA,,,,,41,272,,,
,,,-86.684187,6.830250,,,,3.920996,0.292580
NR SA,,,,,41,272,,,
NR SA,,,,,41,272,,,
NR SA,,,,,41,272,,,
NR SA,,,,,41,272,,,
NR SA,,,,,41,272,,,
NR SA,,,,,41,272,,,
NR SA,,,,,41,272,,,
NR SA,,,,,41,272,,,
NR SA,,,,,41,272,,,
NR SA,,,,,41,272,,,
NR SA,,,,,41,272,,,
NR SA,,,,,41,272,,,
NR SA,,,,,41,272,,,
NR SA,,,,,41,272,,,
,,,-85.881607,7.038753,,,,3.836061,0.292885
NR SA,,,,,41,272,,,
NR SA,,,,,41,272,,,
NR SA,,,,,41,272,,,
NR SA,,,,,41,272,,,
NR SA,,,,,41,272,,,
NR SA,,,,,41,272,,,
NR SA,,,,,41,272,,,
NR SA,,,,,41,272,,,
NR SA,,,,,41,272,,,
NR SA,,,,,41,272,,,
NR SA,,,,,41,272,,,
NR SA,,,,,41,272,,,
NR SA,,,,,41,272,,,
NR SA,,,,,41,272,,,
,,,-85.730100,8.500357,,,,3.873378,0.294608
NR SA,,,,,41,272,,,
NR SA,,,,,41,272,,,
NR SA,,,,,41,272,,,
NR SA,,,,,41,272,,,
NR SA,,,,,41,272,,,
NR SA,,,,,41,272,,,
NR SA,,,,,41,272,,,
NR SA,,,,,41,272,,,
NR SA,,,,,41,272,,,
NR SA,,,,,41,272,,,
NR SA,,,,,41,272,,,
NR SA,,,,,41,272,,,
NR SA,,,,,41,272,,,
NR SA,,,,,41,272,,,
,,,-88.560422,4.906522,,,,3.889647,0.291466
NR SA,,,,,41,272,,,
NR SA,,,,,41,272,,,
NR SA,,,,,41,272,,,
NR SA,,,,,41,272,,,
NR SA,,,,,41,272,,,
NR SA,,,,,41,272,,,
NR SA,,,,,41,272,,,
NR SA,,,,,41,272,,,
NR SA,,,,,41,272,,,
NR SA,,,,,41,272,,,
NR SA,,,,,41,272,,,
NR SA,,,,,41,272,,,
NR SA,,,,,41,272,,,
NR SA,,,,,41,272,,,
NR SA,,,,,41,272,,,
,,,-87.526682,5.656755,,,,3.863432,0.298650
NR SA,,,,,41,272,,,
NR SA,,,,,41,272,,,
NR SA,,,,,41,272,,,
NR SA,,,,,41,272,,,
NR SA,,,,,41,272,,,
NR SA,,,,,41,272,,,
NR SA,,,,,41,272,,,
NR SA,,,,,41,272,,,
NR SA,,,,,41,272,,,
NR SA,,,,,41,272,,,
NR SA,,,,,41,272,,,
NR SA,,,,,41,272,,,
NR SA,,,,,41,272,,,
NR SA,,,,,41,272,,,
,,,-89.160815,6.723619,,,,3.882168,0.302682
NR SA,,,,,41,272,,,
NR SA,,,,,41,272,,,
NR SA,,,,,41,272,,,
NR SA,,,,,41,272,,,
NR SA,,,,,41,272,,,
NR SA,,,,,41,272,,,
NR SA,,,,,41,272,,,
NR SA,,,,,41,272,,,
NR SA,,,,,41,272,,,
NR SA,,,,,41,272,,,
NR SA,,,,,41,272,,,
NR SA,,,,,41,272,,,
NR SA,,,,,41,272,,,
,,,-86.055545,8.069800,,,,3.842563,0.290351
NR SA,,,,,41,272,,,
NR SA,,,,,41,272,,,
NR SA,,,,,41,272,,,
NR SA,,,,,41,272,,,
NR SA,,,,,41,272,,,
NR SA,,,,,41,272,,,
NR SA,,,,,41,272,,,
NR SA,,,,,41,272,,,
NR SA,,,,,41,272,,,
NR SA,,,,,41,272,,,
NR SA,,,,,41,272,,,
NR SA,,,,,41,272,,,
NR SA,,,,,41,744,,,
NR SA,,,,,41,744,,,
NR SA,,,,,41,744,,,
,,,-90.283001,4.898877,,,,3.494251,0.321458
NR SA,,,,,41,744,,,
NR SA,,,,,41,744,,,
NR SA,,,,,41,744,,,
NR SA,,,,,41,744,,,
NR SA,,,,,41,744,,,
NR SA,,,,,41,744,,,
NR SA,,,,,41,744,,,
NR SA,,,,,41,744,,,
NR SA,,,,,41,744,,,
NR SA,,,,,41,744,,,
NR SA,,,,,41,744,,,
NR SA,,,,,41,744,,,
NR SA,,,,,41,744,,,
,,,-89.126998,9.022422,,,,3.855552,0.288697
NR SA,,,,,41,744,,,
NR SA,,,,,41,744,,,
NR SA,,,,,41,744,,,
NR SA,,,,,41,744,,,
NR SA,,,,,41,744,,,
NR SA,,,,,41,744,,,
NR SA,,,,,41,744,,,
NR SA,,,,,41,744,,,
NR SA,,,,,41,744,,,
NR SA,,,,,41,744,,,
NR SA,,,,,41,744,,,
NR SA,,,,,41,744,,,
NR SA,,,,,41,744,,,
NR SA,,,,,41,744,,,
,,,-90.226995,7.614554,,,,3.894637,0.292837
NR SA,,,,,41,744,,,
NR SA,,,,,41,744,,,
NR SA,,,,,41,744,,,
NR SA,,,,,41,744,,,
NR SA,,,,,41,744,,,
NR SA,,,,,41,744,,,
NR SA,,,,,41,744,,,
NR SA,,,,,41,744,,,
NR SA,,,,,41,744,,,
NR SA,,,,,41,744,,,
NR SA,,,,,41,744,,,
NR SA,,,,,41,744,,,
NR SA,,,,,41,744,,,
NR SA,,,,,41,744,,,
NR SA,,,,,41,744,,,
,,,-94.253091,3.199102,,,,3.514268,0.312062
NR SA,,,,,41,744,,,
NR SA,,,,,41,744,,,
NR SA,,,,,41,744,,,
NR SA,,,,,41,744,,,
NR SA,,,,,41,744,,,
NR SA,,,,,41,744,,,
NR SA,,,,,41,744,,,
NR SA,,,,,41,744,,,
NR SA,,,,,41,744,,,
NR SA,,,,,41,744,,,
NR SA,,,,,41,744,,,
NR SA,,,,,41,744,,,
NR SA,,,,,41,744,,,
NR SA,,,,,41,744,,,
,,,-91.566555,5.076667,,,,3.851121,0.308921
NR SA,,,,,41,744,,,
NR SA,,,,,41,744,,,
NR SA,,,,,41,744,,,
NR SA,,,,,41,744,,,
NR SA,,,,,41,744,,,
NR SA,,,,,41,744,,,
NR SA,,,,,41,744,,,
NR SA,,,,,41,744,,,
NR SA,,,,,41,744,,,
NR SA,,,,,41,744,,,
NR SA,,,,,41,744,,,
NR SA,,,,,41,744,,,
NR SA,,,,,41,272,,,
NR SA,,,,,41,272,,,
,,,-94.777655,6.061961,,,,3.832396,0.289052
NR SA,,,,,41,272,,,
NR SA,,,,,41,272,,,
NR SA,,,,,41,272,,,
NR SA,,,,,41,272,,,
NR SA,,,,,41,272,,,
NR SA,,,,,41,272,,,
NR SA,,,,,41,272,,,
NR SA,,,,,41,272,,,
NR SA,,,,,41,272,,,
NR SA,,,,,41,272,,,
NR SA,,,,,41,272,,,
NR SA,,,,,41,272,,,
NR SA,,,,,41,272,,,
NR SA,,,,,41,272,,,
,,,-94.861360,3.316293,,,,3.608006,0.328302
NR SA,,,,,41,272,,,
NR SA,,,,,41,272,,,
NR SA,,,,,41,272,,,
NR SA,,,,,41,272,,,
NR SA,,,,,41,272,,,
NR SA,,,,,41,272,,,
NR SA,,,,,41,272,,,
NR SA,,,,,41,272,,,
NR SA,,,,,41,272,,,
NR SA,,,,,41,272,,,
NR SA,,,,,41,272,,,
NR SA,,,,,41,272,,,
NR SA,,,,,41,272,,,
NR SA,,,,,41,272,,,
,,,-94.645626,5.249858,,,,3.813027,0.347132
NR SA,,,,,41,272,,,
NR SA,,,,,41,272,,,
NR SA,,,,,41,272,,,
NR SA,,,,,41,272,,,
NR SA,,,,,41,272,,,
NR SA,,,,,41,272,,,
NR SA,,,,,41,272,,,
NR SA,,,,,41,272,,,
NR SA,,,,,41,272,,,
NR SA,,,,,41,272,,,
NR SA,,,,,41,272,,,
NR SA,,,,,41,272,,,
NR SA,,,,,41,272,,,
NR SA,,,,,41,272,,,
,,,-102.300683,2.063019,,,,3.953208,0.279705
NR SA,,,,,41,272,,,
NR SA,,,,,41,272,,,
NR SA,,,,,25,752,,,
NR SA,,,,,25,752,,,
NR SA,,,,,25,752,,,
NR SA,,,,,25,752,,,
NR SA,,,,,25,752,,,
NR SA,,,,,25,752,,,
NR SA,,,,,25,752,,,
NR SA,,,,,25,752,,,
NR SA,,,,,25,752,,,
NR SA,,,,,25,752,,,
NR SA,,,,,25,752,,,
,,,-95.095519,9.168629,,,,3.943513,0.298770
NR SA,,,,,25,752,,,
NR SA,,,,,25,752,,,
NR SA,,,,,25,752,,,
NR SA,,,,,25,752,,,
NR SA,,,,,25,752,,,
NR SA,,,,,25,752,,,
NR SA,,,,,25,752,,,
NR SA,,,,,25,752,,,
NR SA,,,,,25,752,,,
NR SA,,,,,25,752,,,
NR SA,,,,,25,752,,,
NR SA,,,,,25,752,,,
NR SA,,,,,25,752,,,
NR SA,,,,,25,752,,,
NR SA,,,,,41,510,,,
,,,-100.164931,0.538938,,,,3.876326,0.293335
NR SA,,,,,41,510,,,
NR SA,,,,,41,510,,,
NR SA,,,,,41,510,,,
NR SA,,,,,41,510,,,
NR SA,,,,,41,510,,,
NR SA,,,,,41,510,,,
NR SA,,,,,41,510,,,
NR SA,,,,,41,510,,,
NR SA,,,,,41,510,,,
NR SA,,,,,41,510,,,
NR SA,,,,,41,510,,,
NR SA,,,,,41,510,,,
NR SA,,,,,41,510,,,
NR SA,,,,,41,510,,,
,,,-78.232727,12.205788,,,,3.841053,0.290021
NR SA,,,,,41,510,,,
NR SA,,,,,41,510,,,
NR SA,,,,,41,289,,,
NR SA,,,,,41,289,,,
NR SA,,,,,41,289,,,
NR SA,,,,,41,289,,,
NR SA,,,,,41,289,,,
NR SA,,,,,41,289,,,
NR SA,,,,,41,289,,,
NR SA,,,,,41,289,,,
NR SA,,,,,41,289,,,
NR SA,,,,,41,289,,,
NR SA,,,,,41,289,,,
NR SA,,,,,41,289,,,
,,,-81.448121,4.945465,,,,3.882114,0.293452
NR SA,,,,,41,289,,,
NR SA,,,,,41,289,,,
NR SA,,,,,41,289,,,
NR SA,,,,,41,289,,,
NR SA,,,,,41,289,,,
NR SA,,,,,41,289,,,
NR SA,,,,,41,289,,,
NR SA,,,,,41,289,,,
NR SA,,,,,41,289,,,
NR SA,,,,,41,289,,,
NR SA,,,,,41,289,,,
NR SA,,,,,41,289,,,
NR SA,,,,,41,289,,,
NR SA,,,,,41,289,,,
,,,-102.359024,3.254778,,,,3.940964,0.279107
NR SA,,,,,41,289,,,
NR SA,,,,,25,338,,,
NR SA,,,,,25,338,,,
NR SA,,,,,25,338,,,
NR SA,,,,,25,338,,,
NR SA,,,,,25,338,,,
NR SA,,,,,25,338,,,
NR SA,,,,,25,338,,,
NR SA,,,,,25,338,,,
NR SA,,,,,25,338,,,
NR SA,,,,,25,338,,,
NR SA,,,,,25,338,,,
NR SA,,,,,25,338,,,
,,,-107.167707,-0.825708,,,,3.903219,0.286222
NR SA,,,,,25,338,,,
NR SA,,,,,25,338,,,
NR SA,,,,,25,338,,,
NR SA,,,,,71,335,,,
NR SA,,,,,71,335,,,
NR SA,,,,,71,335,,,
NR SA,,,,,71,335,,,
NR SA,,,,,71,335,,,
NR SA,,,,,71,335,,,
NR SA,,,,,71,335,,,
NR SA,,,,,71,335,,,
NR SA,,,,,71,335,,,
NR SA,,,,,71,335,,,
NR SA,,,,,71,335,,,
NR SA,,,,,71,335,,,
,,,-91.165388,1.485667,,,,3.920161,0.279000
NR SA,,,,,71,335,,,
NR SA,,,,,71,335,,,
NR SA,,,,,71,335,,,
NR SA,,,,,71,335,,,
NR SA,,,,,71,335,,,
NR SA,,,,,71,335,,,
NR SA,,,,,71,335,,,
NR SA,,,,,71,335,,,
NR SA,,,,,71,335,,,
NR SA,,,,,71,335,,,
NR SA,,,,,71,335,,,
NR SA,,,,,71,335,,,
NR SA,,,,,71,335,,,
,,,-96.489857,0.038263,,,,3.902091,0.283722
NR SA,,,,,71,335,,,
NR SA,,,,,71,335,,,
NR SA,,,,,71,335,,,
NR SA,,,,,71,335,,,
NR SA,,,,,71,335,,,
NR SA,,,,,71,335,,,
NR SA,,,,,71,335,,,
NR SA,,,,,71,335,,,
NR SA,,,,,71,335,,,
NR SA,,,,,71,335,,,
NR SA,,,,,71,335,,,
NR SA,,,,,71,335,,,
NR SA,,,,,71,335,,,
NR SA,,,,,71,335,,,
NR SA,,,,,71,335,,,
,,,-98.357393,-0.869545,,,,3.942230,0.289520
NR SA,,,,,71,335,,,
NR SA,,,,,71,335,,,
NR SA,,,,,71,335,,,
NR SA,,,,,71,335,,,
NR SA,,,,,71,335,,,
NR SA,,,,,71,335,,,
NR SA,,,,,71,335,,,
NR SA,,,,,71,335,,,
NR SA,,,,,71,335,,,
NR SA,,,,,71,335,,,
NR SA,,,,,71,335,,,
NR SA,,,,,71,335,,,
NR SA,,,,,71,335,,,
NR SA,,,,,71,335,,,
,,,-94.994442,0.335910,,,,3.832299,0.292124
NR SA,,,,,71,335,,,
NR SA,,,,,71,335,,,
NR SA,,,,,71,335,,,
NR SA,,,,,71,335,,,
NR SA,,,,,71,335,,,
NR SA,,,,,71,335,,,
NR SA,,,,,71,335,,,
NR SA,,,,,25,338,,,
NR SA,,,,,25,338,,,
NR SA,,,,,71,335,,,
NR SA,,,,,71,335,,,
NR SA,,,,,71,335,,,
NR SA,,,,,25,338,,,
NR SA,,,,,25,338,,,
,,,-99.270949,0.607315,,,,3.868125,0.313086
NR SA,,,,,25,338,,,
NR SA,,,,,25,338,,,
NR SA,,,,,25,338,,,
NR SA,,,,,25,338,,,
NR SA,,,,,25,338,,,
NR SA,,,,,25,338,,,
NR SA,,,,,25,338,,,
NR SA,,,,,25,338,,,
NR SA,,,,,25,338,,,
NR SA,,,,,25,338,,,
NR SA,,,,,25,338,,,
NR SA,,,,,25,338,,,
NR SA,,,,,25,338,,,
NR SA,,,,,25,338,,,
,,,-108.399484,-4.951488,,,,3.966312,0.305790
NR SA,,,,,25,679,,,
NR SA,,,,,25,679,,,
NR SA,,,,,25,679,,,
NR SA,,,,,25,679,,,
NR SA,,,,,25,679,,,
NR SA,,,,,25,679,,,
NR SA,,,,,25,679,,,
NR SA,,,,,25,679,,,
NR SA,,,,,25,679,,,
NR SA,,,,,25,679,,,
NR SA,,,,,25,679,,,
NR SA,,,,,25,679,,,
NR SA,,,,,25,679,,,
NR SA,,,,,25,679,,,
,,,-98.344281,6.753824,,,,3.994914,0.297413
NR SA,,,,,25,679,,,
NR SA,,,,,25,679,,,
NR SA,,,,,25,679,,,
NR SA,,,,,25,679,,,
NR SA,,,,,25,679,,,
NR SA,,,,,25,679,,,
NR SA,,,,,25,679,,,
NR SA,,,,,25,679,,,
NR SA,,,,,25,679,,,
NR SA,,,,,25,679,,,
NR SA,,,,,25,679,,,
NR SA,,,,,25,679,,,
NR SA,,,,,25,679,,,
,,,-83.074459,14.524650,,,,3.985497,0.279552
NR SA,,,,,25,679,,,
NR SA,,,,,25,679,,,
NR SA,,,,,25,679,,,
NR SA,,,,,25,679,,,
NR SA,,,,,25,679,,,
NR SA,,,,,25,679,,,
NR SA,,,,,25,679,,,
NR SA,,,,,25,679,,,
NR SA,,,,,25,679,,,
NR SA,,,,,25,679,,,
NR SA,,,,,25,679,,,
NR SA,,,,,25,679,,,
NR SA,,,,,25,679,,,
NR SA,,,,,25,679,,,
NR SA,,,,,25,679,,,
,,,-75.237139,15.289671,,,,2.149961,0.298268
NR SA,,,,,25,679,,,
NR SA,,,,,25,679,,,
NR SA,,,,,25,679,,,
NR SA,,,,,25,679,,,
NR SA,,,,,25,679,,,
NR SA,,,,,25,679,,,
NR SA,,,,,25,678,,,
NR SA,,,,,25,678,,,
NR SA,,,,,25,678,,,
NR SA,,,,,25,678,,,
NR SA,,,,,25,678,,,
NR SA,,,,,25,678,,,
NR SA,,,,,25,678,,,
,,,-75.963082,14.450246,,,,3.466217,0.305350
NR SA,,,,,25,678,,,
NR SA,,,,,25,678,,,
NR SA,,,,,25,678,,,
NR SA,,,,,25,678,,,
NR SA,,,,,25,678,,,
NR SA,,,,,25,678,,,
NR SA,,,,,25,678,,,
NR SA,,,,,25,678,,,
NR SA,,,,,25,678,,,
NR SA,,,,,25,678,,,
NR SA,,,,,25,678,,,
NR SA,,,,,25,678,,,
NR SA,,,,,25,678,,,
NR SA,,,,,25,678,,,
NR SA,,,,,25,678,,,
,,,-75.561152,15.705618,,,,3.885120,0.294301
NR SA,,,,,25,678,,,
NR SA,,,,,25,678,,,
NR SA,,,,,25,678,,,
NR SA,,,,,25,678,,,
NR SA,,,,,25,678,,,
NR SA,,,,,25,678,,,
NR SA,,,,,25,678,,,
NR SA,,,,,25,678,,,
NR SA,,,,,25,678,,,
NR SA,,,,,25,678,,,
NR SA,,,,,25,678,,,
NR SA,,,,,25,678,,,
NR SA,,,,,25,678,,,
,,,-80.175209,9.985610,,,,3.615819,0.280133
NR SA,,,,,25,678,,,
NR SA,,,,,25,678,,,
NR SA,,,,,25,678,,,
NR SA,,,,,25,678,,,
NR SA,,,,,25,306,,,
NR SA,,,,,25,306,,,
NR SA,,,,,25,306,,,
NR SA,,,,,25,306,,,
NR SA,,,,,25,678,,,
NR SA,,,,,25,678,,,
NR SA,,,,,25,306,,,
NR SA,,,,,25,306,,,
NR SA,,,,,25,306,,,
NR SA,,,,,25,306,,,
,,,-88.732954,-0.730067,,,,3.905054,0.296726
NR SA,,,,,25,306,,,
NR SA,,,,,25,306,,,
NR SA,,,,,25,678,,,
NR SA,,,,,25,678,,,
NR SA,,,,,25,678,,,
NR SA,,,,,25,678,,,
NR SA,,,,,25,678,,,
NR SA,,,,,25,678,,,
NR SA,,,,,25,678,,,
NR SA,,,,,25,678,,,
NR SA,,,,,25,678,,,
NR SA,,,,,25,678,,,
NR SA,,,,,25,678,,,
NR SA,,,,,25,678,,,
NR SA,,,,,25,678,,,
,,,-85.087119,11.577815,,,,2.499278,0.285216
NR SA,,,,,25,678,,,
NR SA,,,,,25,678,,,
NR SA,,,,,25,678,,,
NR SA,,,,,25,678,,,
NR SA,,,,,25,678,,,
NR SA,,,,,25,678,,,
NR SA,,,,,25,678,,,
NR SA,,,,,25,678,,,
NR SA,,,,,25,678,,,
NR SA,,,,,25,678,,,
NR SA,,,,,25,678,,,
NR SA,,,,,25,678,,,
NR SA,,,,,25,678,,,
,,,-100.321236,7.508634,,,,3.962358,0.299257
NR SA,,,,,25,678,,,
NR SA,,,,,25,678,,,
NR SA,,,,,25,678,,,
NR SA,,,,,25,678,,,
NR SA,,,,,25,678,,,
NR SA,,,,,25,678,,,
NR SA,,,,,25,678,,,
NR SA,,,,,25,678,,,
NR SA,,,,,25,678,,,
NR SA,,,,,25,678,,,
NR SA,,,,,25,678,,,
NR SA,,,,,25,678,,,
NR SA,,,,,25,678,,,
NR SA,,,,,25,678,,,
,,,-107.370417,0.138135,,,,3.930204,0.288916
NR SA,,,,,71,680,,,
NR SA,,,,,71,680,,,
NR SA,,,,,71,680,,,
NR SA,,,,,71,680,,,
NR SA,,,,,71,680,,,
,,,,,71,680,,,
,,,,,71,680,,,
,,,,,71,680,,,
,,,,,71,680,,,
,,,,,71,477,,,
,,,,,71,477,,,
,,,,,71,477,,,
,,,,,71,477,,,
,,,,,71,477,,,
,,,,,71,477,,,
,,,-104.438568,-8.523842,,,,2.810922,0.360711
NR SA,,,,,71,477,,,
NR SA,,,,,71,477,,,
NR SA,,,,,71,477,,,
NR SA,,,,,71,477,,,
NR SA,,,,,71,477,,,
NR SA,,,,,71,477,,,
NR SA,,,,,71,477,,,
NR SA,,,,,71,477,,,
NR SA,,,,,71,477,,,
NR SA,,,,,71,477,,,
NR SA,,,,,71,477,,,
NR SA,,,,,71,477,,,
NR SA,,,,,71,477,,,
NR SA,,,,,71,477,,,
,,,-102.979273,-3.244331,,,,3.664270,0.309492
NR SA,,,,,71,477,,,
NR SA,,,,,71,477,,,
NR SA,,,,,71,477,,,
NR SA,,,,,71,477,,,
NR SA,,,,,71,477,,,
NR SA,,,,,71,477,,,
NR SA,,,,,71,477,,,
NR SA,,,,,71,477,,,
NR SA,,,,,71,477,,,
NR SA,,,,,71,477,,,
NR SA,,,,,71,477,,,
NR SA,,,,,71,477,,,
,,,,,71,477,,,
,,,,,71,477,,,
,,,-100.937585,-1.191666,,,,3.921076,0.300942
,,,,,71,477,,,
,,,,,71,477,,,
,,,,,71,477,,,
,,,,,71,477,,,
,,,,,71,477,,,
,,,,,71,477,,,
,,,,,71,477,,,
,,,,,71,477,,,
NR SA,,,,,71,477,,,
NR SA,,,,,71,477,,,
NR SA,,,,,71,477,,,
NR SA,,,,,71,477,,,
NR SA,,,,,71,477,,,
,,,-101.695984,-4.165423,,,,3.862496,0.304997
NR SA,,,,,71,477,,,
NR SA,,,,,71,477,,,
NR SA,,,,,71,477,,,
NR SA,,,,,71,477,,,
NR SA,,,,,71,477,,,
NR SA,,,,,71,477,,,
NR SA,,,,,71,477,,,
NR SA,,,,,71,477,,,
NR SA,,,,,71,477,,,
NR SA,,,,,71,477,,,
NR SA,,,,,71,477,,,
NR SA,,,,,71,477,,,
NR SA,,,,,71,477,,,
NR SA,,,,,71,477,,,
,,,-104.744954,-10.898839,,,,3.919671,0.306390
NR SA,,,,,71,477,,,
NR SA,,,,,71,477,,,
NR SA,,,,,71,477,,,
NR SA,,,,,71,477,,,
NR SA,,,,,71,477,,,
NR SA,,,,,71,477,,,
NR SA,,,,,71,477,,,
,,,,,71,477,,,
,,,,,71,477,,,
,,,,,71,477,,,
,,,,,71,477,,,
,,,,,71,477,,,
,,,,,71,477,,,
,,,,,71,477,,,
,,,,,71,477,,,
,,,-103.116217,-10.015432,,,,3.527245,0.299013
,,,,,71,477,,,
,,,,,71,477,,,
NR SA,,,,,71,477,,,
NR SA,,,,,71,477,,,
NR SA,,,,,71,477,,,
NR SA,,,,,71,437,,,
NR SA,,,,,71,477,,,
NR SA,,,,,71,477,,,
NR SA,,,,,71,477,,,
NR SA,,,,,71,477,,,
NR SA,,,,,71,477,,,
NR SA,,,,,71,477,,,
NR SA,,,,,71,477,,,
NR SA,,,,,71,477,,,
,,,-104.742613,-9.565692,,,,3.701102,0.386295
NR SA,,,,,71,477,,,
NR SA,,,,,71,477,,,
NR SA,,,,,71,477,,,
NR SA,,,,,71,477,,,
NR SA,,,,,71,477,,,
NR SA,,,,,71,477,,,
NR SA,,,,,71,477,,,
NR SA,,,,,71,477,,,
NR SA,,,,,71,477,,,
NR SA,,,,,71,477,,,
NR SA,,,,,71,477,,,
NR SA,,,,,71,477,,,
NR SA,,,,,71,477,,,
NR SA,,,,,71,477,,,
,,,-103.919144,-6.170334,,,,4.034986,0.306146
,,,,,71,477,,,
,,,,,71,477,,,
,,,,,25,864,,,
,,,,,25,864,,,
,,,,,25,864,,,
,,,,,25,864,,,
,,,,,25,864,,,
,,,,,25,864,,,
,,,,,25,864,,,
,,,,,71,577,,,
NR SA,,,,,71,577,,,
NR SA,,,,,71,577,,,
NR SA,,,,,71,577,,,
,,,-102.460779,-6.028178,,,,2.213791,0.371253
NR SA,,,,,71,577,,,
NR SA,,,,,71,577,,,
NR SA,,,,,71,577,,,
NR SA,,,,,25,864,,,
NR SA,,,,,25,864,,,
NR SA,,,,,25,864,,,
NR SA,,,,,25,864,,,
NR SA,,,,,25,864,,,
NR SA,,,,,25,864,,,
NR SA,,,,,25,864,,,
NR SA,,,,,25,864,,,
NR SA,,,,,25,864,,,
NR SA,,,,,25,864,,,
NR SA,,,,,25,864,,,
,,,-104.359168,-0.389026,,,,4.006369,0.305396
NR SA,,,,,25,864,,,
NR SA,,,,,25,864,,,
NR SA,,,,,25,864,,,
NR SA,,,,,25,864,,,
NR SA,,,,,25,864,,,
NR SA,,,,,25,864,,,
NR SA,,,,,25,864,,,
NR SA,,,,,25,864,,,
NR SA,,,,,25,864,,,
,,,,,25,864,,,
,,,,,25,864,,,
,,,,,25,864,,,
,,,,,25,864,,,
,,,,,25,864,,,
,,,,,25,864,,,
,,,-100.000287,2.408011,,,,1.885437,0.266911
,,,,,25,864,,,
,,,,,25,864,,,
,,,,,25,864,,,
,,,,,25,864,,,
NR SA,,,,,25,864,,,
NR SA,,,,,25,864,,,
NR SA,,,,,25,864,,,
NR SA,,,,,25,864,,,
NR SA,,,,,25,864,,,
NR SA,,,,,25,864,,,
NR SA,,,,,25,864,,,
NR SA,,,,,25,864,,,
NR SA,,,,,25,864,,,
NR SA,,,,,25,864,,,
,,,-101.461755,-1.163554,,,,3.910203,0.294545
NR SA,,,,,25,87,,,
NR SA,,,,,25,87,,,
NR SA,,,,,25,87,,,
NR SA,,,,,25,87,,,
NR SA,,,,,25,87,,,
NR SA,,,,,25,87,,,
NR SA,,,,,25,87,,,
NR SA,,,,,25,87,,,
NR SA,,,,,25,87,,,
NR SA,,,,,25,87,,,
NR SA,,,,,25,87,,,
NR SA,,,,,25,87,,,
NR SA,,,,,25,87,,,
,,,-83.323687,7.294297,,,,3.851498,0.305429
NR SA,,,,,25,87,,,
NR SA,,,,,25,87,,,
NR SA,,,,,25,87,,,
,,,,,25,87,,,
,,,,,25,87,,,
,,,,,25,87,,,
,,,,,25,87,,,
,,,,,25,87,,,
,,,,,25,185,,,
,,,,,25,185,,,
,,,,,25,185,,,
,,,,,25,185,,,
,,,,,25,185,,,
NR SA,,,,,25,185,,,
NR SA,,,,,25,185,,,
,,,-87.620667,5.212347,,,,3.892684,0.321071
NR SA,,,,,25,185,,,
NR SA,,,,,25,185,,,
NR SA,,,,,25,185,,,
NR SA,,,,,25,185,,,
NR SA,,,,,25,185,,,
NR SA,,,,,25,185,,,
NR SA,,,,,25,185,,,
NR SA,,,,,25,185,,,
NR SA,,,,,25,185,,,
NR SA,,,,,25,185,,,
NR SA,,,,,25,185,,,
NR SA,,,,,25,185,,,
NR SA,,,,,25,185,,,
NR SA,,,,,25,185,,,
,,,-96.127041,7.630671,,,,3.993228,0.316431
NR SA,,,,,25,185,,,
NR SA,,,,,25,185,,,
NR SA,,,,,25,185,,,
NR SA,,,,,25,185,,,
NR SA,,,,,25,185,,,
NR SA,,,,,25,185,,,
NR SA,,,,,25,185,,,
NR SA,,,,,25,185,,,
NR SA,,,,,25,185,,,
NR SA,,,,,25,185,,,
,,,,,25,185,,,
,,,,,25,185,,,
,,,,,25,185,,,
,,,,,25,185,,,
,,,-92.808043,11.189496,,,,2.256489,0.312126
,,,,,25,185,,,
,,,,,25,185,,,
,,,,,25,185,,,
,,,,,25,185,,,
,,,,,25,185,,,
,,,,,25,185,,,
NR SA,,,,,25,185,,,
NR SA,,,,,25,185,,,
NR SA,,,,,25,185,,,
NR SA,,,,,25,185,,,
NR SA,,,,,25,185,,,
NR SA,,,,,25,185,,,
NR SA,,,,,25,185,,,
NR SA,,,,,25,185,,,
,,,-92.166105,10.877672,,,,3.847183,0.309685
NR SA,,,,,25,185,,,
NR SA,,,,,25,185,,,
NR SA,,,,,25,185,,,
NR SA,,,,,25,185,,,
NR SA,,,,,25,185,,,
NR SA,,,,,25,185,,,
NR SA,,,,,25,185,,,
NR SA,,,,,25,185,,,
NR SA,,,,,25,185,,,
NR SA,,,,,25,185,,,
NR SA,,,,,25,185,,,
NR SA,,,,,25,185,,,
NR SA,,,,,25,185,,,
,,,-94.110113,10.331254,,,,3.982154,0.301824
NR SA,,,,,25,185,,,
NR SA,,,,,25,185,,,
NR SA,,,,,25,185,,,
NR SA,,,,,25,185,,,
NR SA,,,,,25,185,,,
,,,,,25,185,,,
,,,,,25,185,,,
,,,,,25,185,,,
,,,,,25,185,,,
,,,,,25,185,,,
,,,,,25,185,,,
,,,,,25,185,,,
,,,,,25,185,,,
,,,,,25,185,,,
,,,-94.998077,10.204482,,,,3.850762,0.304849
,,,,,25,185,,,
NR SA,,,,,25,185,,,
NR SA,,,,,25,185,,,
NR SA,,,,,25,185,,,
NR SA,,,,,25,185,,,
NR SA,,,,,25,185,,,
NR SA,,,,,25,185,,,
NR SA,,,,,25,185,,,
NR SA,,,,,25,185,,,
NR SA,,,,,25,185,,,
NR SA,,,,,25,185,,,
NR SA,,,,,25,185,,,
NR SA,,,,,25,185,,,
NR SA,,,,,25,185,,,
,,,-93.354244,7.916166,,,,3.916166,0.325900
NR SA,,,,,25,185,,,
NR SA,,,,,25,185,,,
NR SA,,,,,25,185,,,
NR SA,,,,,25,185,,,
NR SA,,,,,25,185,,,
NR SA,,,,,25,185,,,
NR SA,,,,,25,185,,,
NR SA,,,,,25,185,,,
NR SA,,,,,25,185,,,
NR SA,,,,,25,185,,,
NR SA,,,,,25,185,,,
NR SA,,,,,25,185,,,
NR SA,,,,,25,185,,,
,,,,,25,185,,,
,,,,,25,185,,,
,,,-96.000285,6.040751,,,,3.936493,0.324925
,,,,,25,185,,,
,,,,,25,185,,,
,,,,,25,185,,,
,,,,,25,185,,,
,,,,,25,185,,,
,,,,,25,185,,,
,,,,,25,185,,,
,,,,,25,185,,,
NR SA,,,,,25,185,,,
NR SA,,,,,25,185,,,
NR SA,,,,,25,185,,,
NR SA,,,,,25,185,,,
NR SA,,,,,25,185,,,
,,,-95.888195,3.879491,,,,3.891548,0.321879
NR SA,,,,,25,185,,,
NR SA,,,,,25,185,,,
NR SA,,,,,25,185,,,
NR SA,,,,,25,185,,,
NR SA,,,,,25,185,,,
NR SA,,,,,25,185,,,
NR SA,,,,,25,185,,,
NR SA,,,,,25,373,,,
NR SA,,,,,25,373,,,
NR SA,,,,,25,373,,,
NR SA,,,,,25,373,,,
NR SA,,,,,25,373,,,
NR SA,,,,,25,373,,,
NR SA,,,,,25,373,,,
NR SA,,,,,25,373,,,
,,,-97.957813,3.346891,,,,3.975687,0.323774
NR SA,,,,,25,373,,,
NR SA,,,,,25,373,,,
NR SA,,,,,25,373,,,
NR SA,,,,,25,373,,,
NR SA,,,,,25,373,,,
NR SA,,,,,25,373,,,
,,,,,25,373,,,
,,,,,25,373,,,
,,,,,25,373,,,
,,,,,25,373,,,
,,,,,25,864,,,
,,,,,25,864,,,
,,,,,25,864,,,
,,,,,25,864,,,
,,,-88.199500,5.037483,,,,3.823911,0.336254
,,,,,25,864,,,
,,,,,25,864,,,
NR SA,,,,,25,864,,,
NR SA,,,,,25,864,,,
NR SA,,,,,25,864,,,
NR SA,,,,,25,864,,,
NR SA,,,,,25,864,,,
NR SA,,,,,25,864,,,
NR SA,,,,,25,864,,,
NR SA,,,,,25,864,,,
NR SA,,,,,25,864,,,
NR SA,,,,,25,864,,,
NR SA,,,,,25,864,,,
,,,-90.229402,9.777288,,,,3.877055,0.311137
NR SA,,,,,25,864,,,
NR SA,,,,,25,864,,,
NR SA,,,,,25,864,,,
NR SA,,,,,25,864,,,
NR SA,,,,,25,864,,,
NR SA,,,,,25,864,,,
NR SA,,,,,25,864,,,
NR SA,,,,,25,864,,,
NR SA,,,,,25,864,,,
NR SA,,,,,25,864,,,
NR SA,,,,,25,864,,,
NR SA,,,,,25,864,,,
NR SA,,,,,25,864,,,
NR SA,,,,,25,864,,,
,,,-85.189954,16.191565,,,,3.883145,0.302906
NR SA,,,,,25,864,,,
,,,,,25,864,,,
,,,,,25,864,,,
,,,,,25,864,,,
,,,,,25,864,,,
,,,,,25,864,,,
,,,,,25,864,,,
,,,,,25,864,,,
,,,,,25,864,,,
,,,,,25,864,,,
,,,,,25,864,,,
NR SA,,,,,25,864,,,
NR SA,,,,,25,864,,,
NR SA,,,,,25,864,,,
,,,-87.747020,16.506331,,,,3.965518,0.299355
NR SA,,,,,25,864,,,
NR SA,,,,,25,864,,,
NR SA,,,,,25,864,,,
NR SA,,,,,25,864,,,
NR SA,,,,,25,864,,,
NR SA,,,,,25,864,,,
NR SA,,,,,25,864,,,
NR SA,,,,,25,864,,,
NR SA,,,,,25,864,,,
NR SA,,,,,25,864,,,
NR SA,,,,,25,864,,,
NR SA,,,,,25,864,,,
NR SA,,,,,25,864,,,
NR SA,,,,,25,864,,,
NR SA,,,,,25,864,,,
,,,-84.001188,16.264013,,,,3.934500,0.294789
NR SA,,,,,25,864,,,
NR SA,,,,,25,864,,,
NR SA,,,,,25,864,,,
NR SA,,,,,25,864,,,
NR SA,,,,,25,864,,,
NR SA,,,,,25,864,,,
NR SA,,,,,25,864,,,
NR SA,,,,,25,864,,,
,,,,,25,864,,,
,,,,,25,864,,,
,,,,,41,111,,,
,,,,,41,111,,,
,,,,,41,111,,,
,,,,,41,111,,,
,,,-88.034786,17.891450,,,,2.264329,0.331556
,,,,,41,111,,,
,,,,,41,111,,,
,,,,,41,111,,,
,,,,,41,111,,,
NR SA,,,,,41,111,,,
NR SA,,,,,41,111,,,
NR SA,,,,,41,111,,,
NR SA,,,,,41,111,,,
NR SA,,,,,41,111,,,
NR SA,,,,,41,111,,,
NR SA,,,,,41,111,,,
NR SA,,,,,41,111,,,
NR SA,,,,,41,111,,,
NR SA,,,,,41,111,,,
,,,-98.297554,13.611243,,,,3.933581,0.294366
NR SA,,,,,41,111,,,
NR SA,,,,,41,111,,,
NR SA,,,,,41,111,,,
NR SA,,,,,41,111,,,
NR SA,,,,,41,111,,,
NR SA,,,,,41,111,,,
NR SA,,,,,41,111,,,
NR SA,,,,,41,111,,,
NR SA,,,,,41,111,,,
NR SA,,,,,41,111,,,
NR SA,,,,,41,111,,,
NR SA,,,,,41,111,,,
NR SA,,,,,41,111,,,
,,,-100.392802,6.441281,,,,3.183215,0.309857
NR SA,,,,,41,111,,,
NR SA,,,,,41,111,,,
NR SA,,,,,25,760,,,
,,,,,25,760,,,
,,,,,25,760,,,
,,,,,25,760,,,
,,,,,25,760,,,
,,,,,25,760,,,
,,,,,25,760,,,
,,,,,25,760,,,
,,,,,25,760,,,
,,,,,25,760,,,
,,,,,25,760,,,
NR SA,,,,,25,760,,,
NR SA,,,,,25,760,,,
,,,-82.441583,2.058192,,,,3.930725,0.297974
NR SA,,,,,25,760,,,
NR SA,,,,,25,760,,,
NR SA,,,,,25,760,,,
NR SA,,,,,25,760,,,
NR SA,,,,,25,760,,,
NR SA,,,,,25,760,,,
NR SA,,,,,25,760,,,
NR SA,,,,,25,760,,,
NR SA,,,,,25,760,,,
NR SA,,,,,25,760,,,
NR SA,,,,,25,760,,,
NR SA,,,,,25,760,,,
NR SA,,,,,25,760,,,
NR SA,,,,,25,760,,,
,,,-85.359233,1.409601,,,,3.820743,0.293084
NR SA,,,,,25,760,,,
NR SA,,,,,25,760,,,
NR SA,,,,,25,760,,,
NR SA,,,,,25,760,,,
NR SA,,,,,25,760,,,
NR SA,,,,,25,760,,,
NR SA,,,,,25,760,,,
NR SA,,,,,25,760,,,
NR SA,,,,,25,760,,,
NR SA,,,,,25,760,,,
,,,,,25,586,,,
,,,,,25,586,,,
,,,,,25,586,,,
,,,,,25,586,,,
,,,-85.748674,-2.974196,,,,1.623835,0.315424
,,,,,25,586,,,
,,,,,25,586,,,
,,,,,25,586,,,
,,,,,25,586,,,
,,,,,25,586,,,
,,,,,25,586,,,
NR SA,,,,,25,586,,,
NR SA,,,,,25,586,,,
NR SA,,,,,25,586,,,
NR SA,,,,,25,586,,,
NR SA,,,,,25,586,,,
NR SA,,,,,25,586,,,
NR SA,,,,,25,586,,,
NR SA,,,,,25,760,,,
,,,-83.104020,-1.577013,,,,3.536483,0.323340
NR SA,,,,,25,760,,,
NR SA,,,,,25,760,,,
NR SA,,,,,25,760,,,
NR SA,,,,,25,760,,,
NR SA,,,,,25,760,,,
NR SA,,,,,25,760,,,
NR SA,,,,,25,760,,,
NR SA,,,,,25,760,,,
NR SA,,,,,25,760,,,
NR SA,,,,,25,760,,,
NR SA,,,,,25,760,,,
NR SA,,,,,25,760,,,
NR SA,,,,,25,760,,,
,,,-79.971048,3.021523,,,,3.987435,0.301398
NR SA,,,,,25,760,,,
NR SA,,,,,25,760,,,
NR SA,,,,,25,760,,,
NR SA,,,,,25,760,,,
NR SA,,,,,25,760,,,
,,,,,25,760,,,
,,,,,25,760,,,
,,,,,25,760,,,
,,,,,25,760,,,
,,,,,25,760,,,
,,,,,25,760,,,
,,,,,25,760,,,
,,,,,25,760,,,
,,,,,25,760,,,
,,,,,25,760,,,
,,,-77.506996,3.417059,,,,3.924540,0.307984
NR SA,,,,,25,760,,,
NR SA,,,,,25,760,,,
NR SA,,,,,25,760,,,
NR SA,,,,,25,760,,,
NR SA,,,,,25,760,,,
NR SA,,,,,25,760,,,
NR SA,,,,,25,760,,,
NR SA,,,,,25,760,,,
NR SA,,,,,25,760,,,
NR SA,,,,,25,760,,,
NR SA,,,,,25,751,,,
NR SA,,,,,25,751,,,
NR SA,,,,,25,751,,,
NR SA,,,,,25,751,,,
,,,-75.929740,2.307870,,,,3.952497,0.316728
NR SA,,,,,25,751,,,
NR SA,,,,,25,751,,,
NR SA,,,,,25,751,,,
NR SA,,,,,25,751,,,
NR SA,,,,,25,751,,,
NR SA,,,,,25,751,,,
NR SA,,,,,25,751,,,
NR SA,,,,,25,751,,,
NR SA,,,,,25,751,,,
NR SA,,,,,25,751,,,
NR SA,,,,,25,751,,,
NR SA,,,,,25,751,,,
,,,,,25,751,,,
,,,,,25,751,,,
,,,-76.523365,3.615253,,,,3.901876,0.305838
,,,,,25,751,,,
,,,,,25,751,,,
,,,,,25,751,,,
,,,,,25,751,,,
,,,,,25,751,,,
,,,,,25,751,,,
,,,,,25,751,,,
,,,,,25,751,,,
NR SA,,,,,25,751,,,
NR SA,,,,,25,751,,,
NR SA,,,,,25,751,,,
NR SA,,,,,25,751,,,
NR SA,,,,,25,751,,,
NR SA,,,,,25,751,,,
,,,-85.023317,-5.259544,,,,3.963926,0.301080
NR SA,,,,,25,753,,,
NR SA,,,,,25,753,,,
NR SA,,,,,25,753,,,
NR SA,,,,,25,753,,,
NR SA,,,,,25,753,,,
NR SA,,,,,25,753,,,
NR SA,,,,,25,753,,,
NR SA,,,,,25,753,,,
NR SA,,,,,25,753,,,
NR SA,,,,,25,753,,,
NR SA,,,,,25,753,,,
NR SA,,,,,25,753,,,
NR SA,,,,,25,753,,,
,,,-71.358488,11.662070,,,,3.967924,0.310172
NR SA,,,,,25,753,,,
NR SA,,,,,25,753,,,
NR SA,,,,,25,753,,,
NR SA,,,,,25,753,,,
NR SA,,,,,25,753,,,
NR SA,,,,,25,753,,,
NR SA,,,,,25,753,,,
,,,,,25,753,,,
,,,,,25,753,,,
,,,,,25,753,,,
,,,,,25,753,,,
,,,,,25,753,,,
,,,,,25,753,,,
,,,,,25,753,,,
,,,,,25,753,,,
,,,-62.623305,9.945905,,,,3.320649,0.289241
,,,,,25,753,,,
,,,,,25,753,,,
NR SA,,,,,25,750,,,
NR SA,,,,,25,750,,,
NR SA,,,,,25,750,,,
NR SA,,,,,25,744,,,
NR SA,,,,,25,744,,,
NR SA,,,,,25,744,,,
NR SA,,,,,25,744,,,
NR SA,,,,,25,744,,,
NR SA,,,,,25,744,,,
NR SA,,,,,25,744,,,
NR SA,,,,,25,744,,,
,,,-71.511969,2.421865,,,,3.859215,0.312224
NR SA,,,,,25,744,,,
NR SA,,,,,25,744,,,
NR SA,,,,,25,744,,,
NR SA,,,,,25,744,,,
NR SA,,,,,25,744,,,
NR SA,,,,,25,744,,,
NR SA,,,,,25,744,,,
NR SA,,,,,25,744,,,
NR SA,,,,,25,744,,,
NR SA,,,,,25,744,,,
NR SA,,,,,25,269,,,
NR SA,,,,,25,269,,,
NR SA,,,,,25,269,,,
NR SA,,,,,25,269,,,
NR SA,,,,,25,269,,,
,,,-78.684344,-5.357357,,,,3.909527,0.316371
NR SA,,,,,25,269,,,
NR SA,,,,,25,269,,,
NR SA,,,,,25,269,,,
NR SA,,,,,25,269,,,
NR SA,,,,,25,269,,,
NR SA,,,,,25,269,,,
NR SA,,,,,25,269,,,
NR SA,,,,,25,269,,,
NR SA,,,,,25,269,,,
NR SA,,,,,25,269,,,
NR SA,,,,,25,269,,,
NR SA,,,,,25,269,,,
NR SA,,,,,25,269,,,
NR SA,,,,,25,269,,,
,,,-76.309747,-4.131410,,,,3.784550,0.302379
NR SA,,,,,25,269,,,
NR SA,,,,,25,269,,,
NR SA,,,,,25,269,,,
NR SA,,,,,25,269,,,
NR SA,,,,,25,269,,,
NR SA,,,,,25,269,,,
NR SA,,,,,25,269,,,
NR SA,,,,,25,269,,,
NR SA,,,,,25,269,,,
NR SA,,,,,25,269,,,
NR SA,,,,,25,181,,,
,,,,,25,181,,,
,,,,,25,181,,,
,,,,,25,181,,,
,,,-77.713508,-11.075973,,,,3.063711,0.307811
,,,,,25,181,,,
,,,,,25,181,,,
,,,,,25,181,,,
,,,,,25,181,,,
,,,,,25,181,,,
,,,,,25,181,,,
,,,,,25,181,,,
NR SA,,,,,25,181,,,
NR SA,,,,,25,181,,,
NR SA,,,,,25,181,,,
NR SA,,,,,25,181,,,
NR SA,,,,,25,181,,,
NR SA,,,,,25,181,,,
NR SA,,,,,25,181,,,
,,,-81.232091,-2.207170,,,,3.823949,0.294747
NR SA,,,,,25,181,,,
NR SA,,,,,25,181,,,
NR SA,,,,,25,181,,,
NR SA,,,,,25,181,,,
NR SA,,,,,25,181,,,
NR SA,,,,,25,181,,,
NR SA,,,,,25,181,,,
NR SA,,,,,25,181,,,
NR SA,,,,,25,181,,,
NR SA,,,,,25,181,,,
NR SA,,,,,25,181,,,
NR SA,,,,,25,181,,,
NR SA,,,,,25,181,,,
,,,-79.433029,-3.455747,,,,3.998699,0.307764
NR SA,,,,,25,181,,,
NR SA,,,,,25,181,,,
NR SA,,,,,25,181,,,
NR SA,,,,,25,181,,,
NR SA,,,,,25,181,,,
NR SA,,,,,25,181,,,
NR SA,,,,,25,181,,,
NR SA,,,,,25,181,,,
NR SA,,,,,25,181,,,
NR SA,,,,,25,181,,,
NR SA,,,,,25,181,,,
NR SA,,,,,25,181,,,
NR SA,,,,,25,181,,,
NR SA,,,,,25,181,,,
NR SA,,,,,25,181,,,
,,,-78.339743,-2.019065,,,,3.944108,0.288949
NR SA,,,,,25,181,,,
NR SA,,,,,25,181,,,
NR SA,,,,,25,181,,,
NR SA,,,,,25,181,,,
NR SA,,,,,25,181,,,
NR SA,,,,,25,181,,,
NR SA,,,,,25,181,,,
NR SA,,,,,25,181,,,
NR SA,,,,,25,181,,,
NR SA,,,,,25,181,,,
NR SA,,,,,25,181,,,
NR SA,,,,,25,181,,,
NR SA,,,,,25,181,,,
,,,-78.944323,-2.448924,,,,3.854002,0.283596
NR SA,,,,,25,181,,,
NR SA,,,,,25,181,,,
NR SA,,,,,25,181,,,
NR SA,,,,,25,181,,,
NR SA,,,,,25,181,,,
NR SA,,,,,25,181,,,
NR SA,,,,,25,181,,,
NR SA,,,,,25,181,,,
NR SA,,,,,25,181,,,
NR SA,,,,,25,181,,,
NR SA,,,,,25,181,,,
NR SA,,,,,25,181,,,
NR SA,,,,,25,181,,,
NR SA,,,,,25,181,,,
NR SA,,,,,25,181,,,
,,,-77.703761,-2.412965,,,,3.930060,0.301045
NR SA,,,,,25,181,,,
NR SA,,,,,25,181,,,
NR SA,,,,,25,181,,,
NR SA,,,,,25,181,,,
NR SA,,,,,25,181,,,
NR SA,,,,,25,181,,,
NR SA,,,,,25,181,,,
NR SA,,,,,25,181,,,
NR SA,,,,,25,181,,,
NR SA,,,,,25,181,,,
NR SA,,,,,25,181,,,
NR SA,,,,,25,181,,,
NR SA,,,,,25,181,,,
NR SA,,,,,25,181,,,
,,,-77.571101,-1.483941,,,,3.902010,0.301525
NR SA,,,,,25,181,,,
NR SA,,,,,25,181,,,
NR SA,,,,,25,181,,,
NR SA,,,,,25,181,,,
NR SA,,,,,25,181,,,
NR SA,,,,,25,181,,,
NR SA,,,,,25,181,,,
NR SA,,,,,25,181,,,
NR SA,,,,,25,181,,,
NR SA,,,,,25,181,,,
NR SA,,,,,25,181,,,
NR SA,,,,,25,181,,,
NR SA,,,,,25,181,,,
NR SA,,,,,25,181,,,
,,,-77.478948,-1.532184,,,,3.999918,0.291653
NR SA,,,,,25,181,,,
NR SA,,,,,25,181,,,
NR SA,,,,,25,181,,,
NR SA,,,,,25,181,,,
NR SA,,,,,25,181,,,
NR SA,,,,,25,181,,,
NR SA,,,,,25,181,,,
NR SA,,,,,25,181,,,
NR SA,,,,,25,181,,,
NR SA,,,,,25,181,,,
NR SA,,,,,25,181,,,
NR SA,,,,,25,181,,,
NR SA,,,,,25,181,,,
NR SA,,,,,25,181,,,
,,,-78.228549,-1.767328,,,,3.985850,0.289344
NR SA,,,,,25,181,,,
NR SA,,,,,25,181,,,
NR SA,,,,,25,181,,,
NR SA,,,,,25,181,,,
NR SA,,,,,25,181,,,
NR SA,,,,,25,181,,,
NR SA,,,,,25,181,,,
NR SA,,,,,25,181,,,
NR SA,,,,,25,181,,,
NR SA,,,,,25,181,,,
NR SA,,,,,25,181,,,
NR SA,,,,,25,181,,,
NR SA,,,,,25,181,,,
NR SA,,,,,25,181,,,
,,,-77.903176,-1.672262,,,,3.959049,0.295015
NR SA,,,,,25,181,,,
NR SA,,,,,25,181,,,
NR SA,,,,,25,181,,,
NR SA,,,,,25,181,,,
NR SA,,,,,25,181,,,
NR SA,,,,,25,181,,,
NR SA,,,,,25,181,,,
NR SA,,,,,25,181,,,
NR SA,,,,,25,181,,,
NR SA,,,,,25,181,,,
NR SA,,,,,25,181,,,
NR SA,,,,,25,181,,,
NR SA,,,,,25,181,,,
NR SA,,,,,25,181,,,
,,,-77.487405,-1.625065,,,,3.903050,0.292512
NR SA,,,,,25,181,,,
NR SA,,,,,25,181,,,
NR SA,,,,,25,181,,,
NR SA,,,,,25,181,,,
NR SA,,,,,25,181,,,
NR SA,,,,,25,181,,,
NR SA,,,,,25,181,,,
NR SA,,,,,25,181,,,
NR SA,,,,,25,181,,,
NR SA,,,,,25,181,,,
NR SA,,,,,25,181,,,
NR SA,,,,,25,181,,,
NR SA,,,,,25,181,,,
NR SA,,,,,25,181,,,
,,,-78.182269,-1.071856,,,,3.893028,0.288361
NR SA,,,,,25,181,,,
NR SA,,,,,25,181,,,
NR SA,,,,,25,181,,,
NR SA,,,,,25,181,,,
NR SA,,,,,25,181,,,
NR SA,,,,,25,181,,,
NR SA,,,,,25,181,,,
NR SA,,,,,25,181,,,
NR SA,,,,,25,181,,,
NR SA,,,,,25,181,,,
NR SA,,,,,25,181,,,
NR SA,,,,,25,181,,,
NR SA,,,,,25,181,,,
,,,-77.861111,-1.738817,,,,3.907761,0.299521
NR SA,,,,,25,181,,,
NR SA,,,,,25,181,,,
NR SA,,,,,25,181,,,
NR SA,,,,,25,181,,,
NR SA,,,,,25,181,,,
NR SA,,,,,25,181,,,
NR SA,,,,,25,181,,,
NR SA,,,,,25,181,,,
NR SA,,,,,25,181,,,
NR SA,,,,,25,181,,,
NR SA,,,,,25,181,,,
NR SA,,,,,25,181,,,
NR SA,,,,,25,181,,,
NR SA,,,,,25,181,,,
,,,-77.663952,-1.578835,,,,3.925241,0.286865
NR SA,,,,,25,181,,,
NR SA,,,,,25,181,,,
NR SA,,,,,25,181,,,
NR SA,,,,,25,181,,,
NR SA,,,,,25,181,,,
NR SA,,,,,25,181,,,
NR SA,,,,,25,181,,,
NR SA,,,,,25,181,,,
NR SA,,,,,25,181,,,
NR SA,,,,,25,181,,,
NR SA,,,,,25,181,,,
NR SA,,,,,25,181,,,
NR SA,,,,,25,181,,,
NR SA,,,,,25,181,,,
,,,-78.816234,-2.819829,,,,3.905201,0.286939
NR SA,,,,,25,181,,,
NR SA,,,,,25,181,,,
NR SA,,,,,25,181,,,
NR SA,,,,,25,181,,,
NR SA,,,,,25,181,,,
NR SA,,,,,25,181,,,
NR SA,,,,,25,181,,,
NR SA,,,,,25,181,,,
NR SA,,,,,25,181,,,
NR SA,,,,,25,181,,,
NR SA,,,,,25,181,,,
NR SA,,,,,25,181,,,
NR SA,,,,,25,181,,,
NR SA,,,,,25,181,,,
NR SA,,,,,25,181,,,
,,,-78.391602,-2.528609,,,,3.952096,0.310946
NR SA,,,,,25,181,,,
NR SA,,,,,25,181,,,
NR SA,,,,,25,181,,,
NR SA,,,,,25,181,,,
NR SA,,,,,25,181,,,
NR SA,,,,,25,181,,,
NR SA,,,,,25,181,,,
NR SA,,,,,25,181,,,
NR SA,,,,,25,181,,,
NR SA,,,,,25,181,,,
NR SA,,,,,25,181,,,
NR SA,,,,,25,181,,,
NR SA,,,,,25,181,,,
,,,-78.957450,-5.506423,,,,3.925358,0.303992
NR SA,,,,,25,181,,,
NR SA,,,,,25,181,,,
NR SA,,,,,25,181,,,
NR SA,,,,,25,181,,,
NR SA,,,,,25,181,,,
NR SA,,,,,25,181,,,
NR SA,,,,,25,181,,,
NR SA,,,,,25,181,,,
NR SA,,,,,25,181,,,
NR SA,,,,,25,181,,,
NR SA,,,,,25,181,,,
NR SA,,,,,25,181,,,
NR SA,,,,,25,181,,,
NR SA,,,,,25,181,,,
,,,-78.713074,-4.747030,,,,3.959824,0.325936
NR SA,,,,,25,181,,,
NR SA,,,,,25,181,,,
NR SA,,,,,25,181,,,
NR SA,,,,,25,181,,,
NR SA,,,,,25,181,,,
NR SA,,,,,25,181,,,
NR SA,,,,,25,181,,,
NR SA,,,,,25,181,,,
NR SA,,,,,25,181,,,
NR SA,,,,,25,181,,,
NR SA,,,,,25,181,,,
NR SA,,,,,25,181,,,
NR SA,,,,,25,181,,,
NR SA,,,,,25,181,,,
,,,-78.851803,-3.065042,,,,3.896021,0.289833
NR SA,,,,,25,181,,,
NR SA,,,,,25,181,,,
NR SA,,,,,25,181,,,
NR SA,,,,,25,181,,,
NR SA,,,,,25,181,,,
NR SA,,,,,25,181,,,
NR SA,,,,,25,181,,,
NR SA,,,,,25,181,,,
NR SA,,,,,25,181,,,
NR SA,,,,,25,181,,,
NR SA,,,,,25,181,,,
NR SA,,,,,25,181,,,
NR SA,,,,,25,181,,,
NR SA,,,,,25,181,,,
NR SA,,,,,25,181,,,
,,,-78.611715,-1.921865,,,,3.897354,0.299011
NR SA,,,,,25,181,,,
NR SA,,,,,25,181,,,
NR SA,,,,,25,181,,,
NR SA,,,,,25,181,,,
NR SA,,,,,25,181,,,
NR SA,,,,,25,181,,,
NR SA,,,,,25,181,,,
NR SA,,,,,25,181,,,
NR SA,,,,,25,181,,,
NR SA,,,,,25,181,,,
NR SA,,,,,25,181,,,
NR SA,,,,,25,181,,,
NR SA,,,,,25,181,,,
,,,-78.923377,-3.092381,,,,3.885080,0.300061
NR SA,,,,,25,181,,,
NR SA,,,,,25,181,,,
NR SA,,,,,25,181,,,
NR SA,,,,,25,181,,,
NR SA,,,,,25,181,,,
NR SA,,,,,25,181,,,
NR SA,,,,,25,181,,,
NR SA,,,,,25,181,,,
NR SA,,,,,25,181,,,
NR SA,,,,,25,181,,,
NR SA,,,,,25,181,,,
NR SA,,,,,25,181,,,
NR SA,,,,,25,181,,,
NR SA,,,,,25,181,,,
NR SA,,,,,25,181,,,
,,,-79.674548,-2.921722,,,,3.948446,0.292230
NR SA,,,,,25,181,,,
NR SA,,,,,25,181,,,
NR SA,,,,,25,181,,,
NR SA,,,,,25,181,,,
NR SA,,,,,25,181,,,
NR SA,,,,,25,181,,,
NR SA,,,,,25,181,,,
NR SA,,,,,25,181,,,
NR SA,,,,,25,181,,,
NR SA,,,,,25,181,,,
NR SA,,,,,25,181,,,
NR SA,,,,,25,181,,,
NR SA,,,,,25,181,,,
,,,-80.363664,-3.394622,,,,3.791921,0.308391
NR SA,,,,,25,181,,,
NR SA,,,,,25,181,,,
NR SA,,,,,25,181,,,
NR SA,,,,,25,181,,,
NR SA,,,,,25,181,,,
NR SA,,,,,25,181,,,
NR SA,,,,,25,181,,,
NR SA,,,,,25,181,,,
NR SA,,,,,25,181,,,
NR SA,,,,,25,181,,,
NR SA,,,,,25,181,,,
NR SA,,,,,25,181,,,
NR SA,,,,,25,181,,,
NR SA,,,,,25,181,,,
,,,-79.705330,-2.608994,,,,3.985513,0.285509
NR SA,,,,,25,181,,,
NR SA,,,,,25,181,,,
NR SA,,,,,25,181,,,
NR SA,,,,,25,181,,,
NR SA,,,,,25,181,,,
NR SA,,,,,25,181,,,
NR SA,,,,,25,181,,,
NR SA,,,,,25,181,,,
NR SA,,,,,25,181,,,
NR SA,,,,,25,181,,,
NR SA,,,,,25,181,,,
NR SA,,,,,25,181,,,
NR SA,,,,,25,181,,,
NR SA,,,,,25,181,,,
,,,-79.919030,-2.569979,,,,3.927234,0.302866
NR SA,,,,,25,181,,,
NR SA,,,,,25,181,,,
NR SA,,,,,25,181,,,
NR SA,,,,,25,181,,,
NR SA,,,,,25,181,,,
NR SA,,,,,25,181,,,
NR SA,,,,,25,181,,,
NR SA,,,,,25,181,,,
NR SA,,,,,25,181,,,
NR SA,,,,,25,181,,,
NR SA,,,,,25,181,,,
NR SA,,,,,25,181,,,
NR SA,,,,,25,181,,,
NR SA,,,,,25,181,,,
NR SA,,,,,25,181,,,
,,,-80.325723,-3.571812,,,,3.911244,0.292512
NR SA,,,,,25,181,,,
NR SA,,,,,25,181,,,
NR SA,,,,,25,181,,,
NR SA,,,,,25,181,,,
NR SA,,,,,25,181,,,
NR SA,,,,,25,181,,,
NR SA,,,,,25,181,,,
NR SA,,,,,25,181,,,
NR SA,,,,,25,181,,,
NR SA,,,,,25,181,,,
NR SA,,,,,25,181,,,
NR SA,,,,,25,181,,,
NR SA,,,,,25,181,,,
NR SA,,,,,25,181,,,
,,,-80.624512,-3.428914,,,,3.975500,0.292250
NR SA,,,,,25,181,,,
NR SA,,,,,25,181,,,
NR SA,,,,,25,181,,,
NR SA,,,,,25,181,,,
NR SA,,,,,25,181,,,
NR SA,,,,,25,181,,,
NR SA,,,,,25,181,,,
NR SA,,,,,25,181,,,
NR SA,,,,,25,181,,,
NR SA,,,,,25,181,,,
NR SA,,,,,25,181,,,
NR SA,,,,,25,181,,,
NR SA,,,,,25,181,,,
NR SA,,,,,25,181,,,
,,,-81.897528,-4.411152,,,,3.879380,0.298632
NR SA,,,,,25,181,,,
NR SA,,,,,25,181,,,
NR SA,,,,,25,181,,,
NR SA,,,,,25,181,,,
NR SA,,,,,25,181,,,
NR SA,,,,,25,181,,,
NR SA,,,,,25,181,,,
NR SA,,,,,25,181,,,
NR SA,,,,,25,181,,,
NR SA,,,,,25,181,,,
NR SA,,,,,25,181,,,
NR SA,,,,,25,181,,,
NR SA,,,,,25,181,,,
,,,-80.320144,-5.420953,,,,3.906387,0.286719
NR SA,,,,,25,181,,,
NR SA,,,,,25,181,,,
NR SA,,,,,25,181,,,
NR SA,,,,,25,181,,,
NR SA,,,,,25,181,,,
NR SA,,,,,25,181,,,
NR SA,,,,,25,181,,,
NR SA,,,,,25,181,,,
NR SA,,,,,25,181,,,
NR SA,,,,,25,181,,,
NR SA,,,,,25,181,,,
NR SA,,,,,25,181,,,
NR SA,,,,,25,181,,,
NR SA,,,,,25,181,,,
NR SA,,,,,25,181,,,
,,,-80.898725,-5.849757,,,,3.929526,0.299885
NR SA,,,,,25,181,,,
NR SA,,,,,25,181,,,
NR SA,,,,,25,181,,,
NR SA,,,,,25,181,,,
NR SA,,,,,25,181,,,
NR SA,,,,,25,181,,,
NR SA,,,,,25,181,,,
NR SA,,,,,25,181,,,
NR SA,,,,,25,753,,,
NR SA,,,,,25,753,,,
NR SA,,,,,25,753,,,
NR SA,,,,,25,753,,,
NR SA,,,,,25,753,,,
,,,-78.747665,-3.555246,,,,3.876238,0.309772
NR SA,,,,,25,753,,,
NR SA,,,,,25,753,,,
NR SA,,,,,25,753,,,
NR SA,,,,,25,753,,,
NR SA,,,,,25,753,,,
NR SA,,,,,25,753,,,
NR SA,,,,,25,753,,,
NR SA,,,,,25,753,,,
NR SA,,,,,25,753,,,
NR SA,,,,,25,753,,,
NR SA,,,,,25,753,,,
NR SA,,,,,25,753,,,
NR SA,,,,,25,753,,,
NR SA,,,,,25,753,,,
NR SA,,,,,25,753,,,
,,,-78.511092,-4.041025,,,,4.013865,0.292868
NR SA,,,,,25,753,,,
NR SA,,,,,25,753,,,
NR SA,,,,,25,753,,,
NR SA,,,,,25,753,,,
NR SA,,,,,25,753,,,
NR SA,,,,,25,753,,,
NR SA,,,,,25,753,,,
NR SA,,,,,25,753,,,
NR SA,,,,,25,753,,,
NR SA,,,,,25,753,,,
NR SA,,,,,25,753,,,
NR SA,,,,,25,753,,,
NR SA,,,,,25,753,,,
NR SA,,,,,25,753,,,
,,,-78.999250,-3.044314,,,,3.923522,0.296935
NR SA,,,,,25,753,,,
NR SA,,,,,25,753,,,
NR SA,,,,,25,753,,,
NR SA,,,,,25,753,,,
NR SA,,,,,25,753,,,
NR SA,,,,,25,753,,,
NR SA,,,,,25,753,,,
NR SA,,,,,25,753,,,
NR SA,,,,,25,753,,,
NR SA,,,,,25,753,,,
NR SA,,,,,25,753,,,
NR SA,,,,,25,753,,,
NR SA,,,,,25,753,,,
,,,-78.269893,-0.499019,,,,3.954796,0.287135
NR SA,,,,,25,753,,,
NR SA,,,,,25,753,,,
NR SA,,,,,25,753,,,
NR SA,,,,,25,753,,,
NR SA,,,,,25,753,,,
NR SA,,,,,25,753,,,
NR SA,,,,,25,753,,,
NR SA,,,,,25,753,,,
NR SA,,,,,25,753,,,
NR SA,,,,,25,753,,,
NR SA,,,,,25,753,,,
NR SA,,,,,25,753,,,
NR SA,,,,,25,753,,,
NR SA,,,,,25,753,,,
NR SA,,,,,25,753,,,
,,,-77.762440,-1.545566,,,,3.741079,0.291009
NR SA,,,,,25,753,,,
NR SA,,,,,25,753,,,
NR SA,,,,,25,753,,,
NR SA,,,,,25,753,,,
NR SA,,,,,25,753,,,
NR SA,,,,,25,753,,,
NR SA,,,,,25,753,,,
NR SA,,,,,25,753,,,
NR SA,,,,,25,753,,,
NR SA,,,,,25,753,,,
NR SA,,,,,25,753,,,
NR SA,,,,,25,753,,,
NR SA,,,,,25,753,,,
,,,-77.662216,-1.592393,,,,3.914944,0.302900
NR SA,,,,,25,753,,,
NR SA,,,,,25,753,,,
NR SA,,,,,25,753,,,
NR SA,,,,,25,753,,,
NR SA,,,,,25,753,,,
NR SA,,,,,25,753,,,
NR SA,,,,,25,753,,,
NR SA,,,,,25,753,,,
NR SA,,,,,25,753,,,
NR SA,,,,,25,753,,,
NR SA,,,,,25,753,,,
NR SA,,,,,25,753,,,
NR SA,,,,,25,753,,,
NR SA,,,,,25,753,,,
NR SA,,,,,25,753,,,
,,,-77.337478,-1.886120,,,,4.007441,0.293451
NR SA,,,,,25,753,,,
NR SA,,,,,25,753,,,
NR SA,,,,,25,753,,,
NR SA,,,,,25,753,,,
NR SA,,,,,25,753,,,
NR SA,,,,,25,753,,,
NR SA,,,,,25,753,,,
NR SA,,,,,25,753,,,
NR SA,,,,,25,753,,,
NR SA,,,,,25,753,,,
NR SA,,,,,25,753,,,
NR SA,,,,,25,753,,,
NR SA,,,,,25,753,,,
NR SA,,,,,25,753,,,
,,,-77.202678,-1.951600,,,,3.966200,0.292390
NR SA,,,,,25,753,,,
NR SA,,,,,25,753,,,
NR SA,,,,,25,753,,,
NR SA,,,,,25,753,,,
NR SA,,,,,25,753,,,
NR SA,,,,,25,753,,,
NR SA,,,,,25,753,,,
NR SA,,,,,25,753,,,
NR SA,,,,,25,753,,,
NR SA,,,,,25,753,,,
NR SA,,,,,25,753,,,
NR SA,,,,,25,753,,,
NR SA,,,,,25,753,,,
NR SA,,,,,25,753,,,
,,,-77.112858,-1.476469,,,,3.878377,0.304923
NR SA,,,,,25,753,,,
NR SA,,,,,25,753,,,
NR SA,,,,,25,753,,,
NR SA,,,,,25,753,,,
NR SA,,,,,25,753,,,
NR SA,,,,,25,753,,,
NR SA,,,,,25,753,,,
NR SA,,,,,25,753,,,
NR SA,,,,,25,753,,,
NR SA,,,,,25,753,,,
NR SA,,,,,25,753,,,
NR SA,,,,,25,753,,,
NR SA,,,,,25,753,,,
NR SA,,,,,25,753,,,
,,,-77.564599,-1.987892,,,,3.876224,0.301074
NR SA,,,,,25,753,,,
NR SA,,,,,25,753,,,
NR SA,,,,,25,753,,,
NR SA,,,,,25,753,,,
NR SA,,,,,25,753,,,
NR SA,,,,,25,753,,,
NR SA,,,,,25,753,,,
NR SA,,,,,25,753,,,
NR SA,,,,,25,753,,,
NR SA,,,,,25,753,,,
NR SA,,,,,25,753,,,
NR SA,,,,,25,753,,,
NR SA,,,,,25,753,,,
NR SA,,,,,25,753,,,
,,,-77.672722,-2.053512,,,,3.879297,0.297861
NR SA,,,,,25,753,,,
NR SA,,,,,25,753,,,
NR SA,,,,,25,753,,,
NR SA,,,,,25,753,,,
NR SA,,,,,25,753,,,
NR SA,,,,,25,753,,,
NR SA,,,,,25,753,,,
NR SA,,,,,25,753,,,
NR SA,,,,,25,753,,,
NR SA,,,,,25,753,,,
NR SA,,,,,25,753,,,
NR SA,,,,,25,753,,,
NR SA,,,,,25,753,,,
NR SA,,,,,25,753,,,
,,,-78.166835,-3.175208,,,,3.889340,0.301091
NR SA,,,,,25,753,,,
NR SA,,,,,25,753,,,
NR SA,,,,,25,753,,,
NR SA,,,,,25,753,,,
NR SA,,,,,25,753,,,
NR SA,,,,,25,753,,,
NR SA,,,,,25,753,,,
NR SA,,,,,25,753,,,
NR SA,,,,,25,753,,,
NR SA,,,,,25,753,,,
NR SA,,,,,25,753,,,
NR SA,,,,,25,753,,,
NR SA,,,,,25,753,,,
,,,-77.678901,-4.368045,,,,3.962653,0.283078
NR SA,,,,,25,753,,,
NR SA,,,,,25,753,,,
NR SA,,,,,25,753,,,
NR SA,,,,,25,753,,,
NR SA,,,,,25,753,,,
NR SA,,,,,25,753,,,
NR SA,,,,,25,753,,,
NR SA,,,,,25,753,,,
NR SA,,,,,25,753,,,
NR SA,,,,,25,753,,,
NR SA,,,,,25,753,,,
NR SA,,,,,25,753,,,
NR SA,,,,,25,753,,,
NR SA,,,,,25,753,,,
NR SA,,,,,25,753,,,
,,,-77.762421,-4.856324,,,,3.999335,0.299201
NR SA,,,,,25,753,,,
NR SA,,,,,25,753,,,
NR SA,,,,,25,753,,,
NR SA,,,,,25,753,,,
NR SA,,,,,25,753,,,
NR SA,,,,,25,753,,,
NR SA,,,,,25,753,,,
NR SA,,,,,25,753,,,
NR SA,,,,,25,753,,,
NR SA,,,,,25,753,,,
NR SA,,,,,25,753,,,
NR SA,,,,,25,753,,,
NR SA,,,,,25,753,,,
,,,-77.548813,-3.604117,,,,3.950052,0.283075
NR SA,,,,,25,753,,,
NR SA,,,,,25,753,,,
NR SA,,,,,25,753,,,
NR SA,,,,,25,753,,,
NR SA,,,,,25,753,,,
NR SA,,,,,25,753,,,
NR SA,,,,,25,753,,,
NR SA,,,,,25,753,,,
NR SA,,,,,25,753,,,
NR SA,,,,,25,753,,,
NR SA,,,,,25,753,,,
NR SA,,,,,25,753,,,
NR SA,,,,,25,753,,,
NR SA,,,,,25,753,,,
NR SA,,,,,25,753,,,
,,,-77.706809,-3.799015,,,,3.913883,0.285309
NR SA,,,,,25,753,,,
NR SA,,,,,25,753,,,
NR SA,,,,,25,753,,,
NR SA,,,,,25,753,,,
NR SA,,,,,25,753,,,
NR SA,,,,,25,753,,,
NR SA,,,,,25,753,,,
NR SA,,,,,25,753,,,
NR SA,,,,,25,753,,,
NR SA,,,,,25,753,,,
NR SA,,,,,25,753,,,
NR SA,,,,,25,753,,,
NR SA,,,,,25,753,,,
,,,-78.060344,-5.224262,,,,4.003294,0.286338
NR SA,,,,,25,753,,,
NR SA,,,,,25,753,,,
NR SA,,,,,25,753,,,
NR SA,,,,,25,753,,,
NR SA,,,,,25,753,,,
NR SA,,,,,25,753,,,
NR SA,,,,,25,753,,,
NR SA,,,,,25,753,,,
NR SA,,,,,25,753,,,
NR SA,,,,,25,753,,,
NR SA,,,,,25,753,,,
NR SA,,,,,25,753,,,
NR SA,,,,,25,753,,,
NR SA,,,,,25,753,,,
NR SA,,,,,25,753,,,
,,,-80.763473,-5.397720,,,,3.825051,0.296451
NR SA,,,,,25,753,,,
NR SA,,,,,25,753,,,
NR SA,,,,,25,753,,,
NR SA,,,,,25,753,,,
NR SA,,,,,25,753,,,
NR SA,,,,,25,753,,,
NR SA,,,,,25,753,,,
NR SA,,,,,25,753,,,
NR SA,,,,,25,753,,,
NR SA,,,,,25,753,,,
NR SA,,,,,25,753,,,
NR SA,,,,,25,753,,,
NR SA,,,,,25,753,,,
NR SA,,,,,25,753,,,
,,,-77.127803,-5.485181,,,,3.861706,0.299950
NR SA,,,,,25,753,,,
NR SA,,,,,25,753,,,
NR SA,,,,,25,753,,,
NR SA,,,,,25,753,,,
NR SA,,,,,25,753,,,
NR SA,,,,,25,753,,,
NR SA,,,,,25,753,,,
NR SA,,,,,25,753,,,
NR SA,,,,,25,753,,,
NR SA,,,,,25,753,,,
NR SA,,,,,25,753,,,
NR SA,,,,,25,753,,,
NR SA,,,,,25,753,,,
NR SA,,,,,25,753,,,
,,,-77.192445,-3.849445,,,,3.942266,0.297934
NR SA,,,,,25,753,,,
NR SA,,,,,25,753,,,
NR SA,,,,,25,753,,,
NR SA,,,,,25,753,,,
NR SA,,,,,25,753,,,
NR SA,,,,,25,753,,,
NR SA,,,,,25,753,,,
NR SA,,,,,25,753,,,
NR SA,,,,,25,753,,,
NR SA,,,,,25,753,,,
NR SA,,,,,25,753,,,
NR SA,,,,,25,753,,,
NR SA,,,,,25,753,,,
NR SA,,,,,25,753,,,
,,,-78.486591,-5.817428,,,,3.884620,0.293446
NR SA,,,,,25,753,,,
NR SA,,,,,25,753,,,
NR SA,,,,,25,753,,,
NR SA,,,,,25,753,,,
NR SA,,,,,25,753,,,
NR SA,,,,,25,753,,,
NR SA,,,,,25,753,,,
NR SA,,,,,25,753,,,
NR SA,,,,,25,753,,,
NR SA,,,,,25,753,,,
NR SA,,,,,25,753,,,
NR SA,,,,,25,753,,,
NR SA,,,,,25,753,,,
,,,-78.594584,-6.632815,,,,3.855813,0.336855
NR SA,,,,,25,753,,,
NR SA,,,,,25,753,,,
NR SA,,,,,25,753,,,
NR SA,,,,,25,753,,,
NR SA,,,,,25,753,,,
NR SA,,,,,25,753,,,
NR SA,,,,,25,753,,,
NR SA,,,,,25,753,,,
NR SA,,,,,25,753,,,
NR SA,,,,,25,753,,,
NR SA,,,,,25,753,,,
NR SA,,,,,25,753,,,
NR SA,,,,,25,753,,,
NR SA,,,,,25,753,,,
NR SA,,,,,25,753,,,
,,,-78.562760,-6.672188,,,,3.874522,0.304262
NR SA,,,,,25,753,,,
NR SA,,,,,25,753,,,
NR SA,,,,,25,753,,,
NR SA,,,,,25,753,,,
NR SA,,,,,25,753,,,
NR SA,,,,,25,753,,,
NR SA,,,,,25,753,,,
NR SA,,,,,25,753,,,
NR SA,,,,,25,753,,,
NR SA,,,,,25,753,,,
NR SA,,,,,25,753,,,
NR SA,,,,,25,753,,,
NR SA,,,,,25,753,,,
,,,-78.352658,-5.130036,,,,3.838239,0.309607
NR SA,,,,,25,753,,,
NR SA,,,,,25,753,,,
NR SA,,,,,25,753,,,
NR SA,,,,,25,753,,,
NR SA,,,,,25,753,,,
NR SA,,,,,25,753,,,
NR SA,,,,,25,753,,,
NR SA,,,,,25,753,,,
NR SA,,,,,25,753,,,
NR SA,,,,,25,753,,,
NR SA,,,,,25,753,,,
NR SA,,,,,25,753,,,
NR SA,,,,,25,753,,,
NR SA,,,,,25,753,,,
NR SA,,,,,25,753,,,
,,,-78.140122,-5.050793,,,,3.373262,0.333528
NR SA,,,,,25,753,,,
NR SA,,,,,25,753,,,
NR SA,,,,,25,753,,,
NR SA,,,,,25,753,,,
NR SA,,,,,25,753,,,
NR SA,,,,,25,753,,,
NR SA,,,,,25,753,,,
NR SA,,,,,25,753,,,
NR SA,,,,,25,753,,,
NR SA,,,,,25,753,,,
NR SA,,,,,25,753,,,
NR SA,,,,,25,753,,,
NR SA,,,,,25,753,,,
NR SA,,,,,25,753,,,
,,,-78.350659,-5.115138,,,,3.936068,0.297382
NR SA,,,,,25,753,,,
NR SA,,,,,25,753,,,
NR SA,,,,,25,753,,,
NR SA,,,,,25,753,,,
NR SA,,,,,25,753,,,
NR SA,,,,,25,753,,,
NR SA,,,,,25,753,,,
NR SA,,,,,25,753,,,
NR SA,,,,,25,753,,,
NR SA,,,,,25,753,,,
NR SA,,,,,25,753,,,
NR SA,,,,,25,753,,,
NR SA,,,,,25,753,,,
,,,-81.606929,-6.518098,,,,3.922684,0.289793
NR SA,,,,,25,753,,,
NR SA,,,,,25,753,,,
NR SA,,,,,25,753,,,
NR SA,,,,,25,753,,,
NR SA,,,,,25,753,,,
NR SA,,,,,25,753,,,
NR SA,,,,,25,753,,,
NR SA,,,,,25,753,,,
NR SA,,,,,25,753,,,
NR SA,,,,,25,753,,,
NR SA,,,,,25,753,,,
NR SA,,,,,25,753,,,
NR SA,,,,,25,753,,,
NR SA,,,,,25,753,,,
NR SA,,,,,25,753,,,
,,,-79.590300,-2.770335,,,,3.985195,0.300288
NR SA,,,,,25,753,,,
NR SA,,,,,25,753,,,
NR SA,,,,,25,753,,,
NR SA,,,,,25,753,,,
NR SA,,,,,25,753,,,
NR SA,,,,,25,753,,,
NR SA,,,,,25,753,,,
NR SA,,,,,25,753,,,
NR SA,,,,,25,753,,,
NR SA,,,,,25,753,,,
NR SA,,,,,25,753,,,
NR SA,,,,,25,753,,,
NR SA,,,,,25,753,,,
NR SA,,,,,25,753,,,
,,,-79.278091,-2.691643,,,,3.969397,0.284945
NR SA,,,,,25,753,,,
NR SA,,,,,25,753,,,
NR SA,,,,,25,753,,,
NR SA,,,,,25,753,,,
NR SA,,,,,25,753,,,
NR SA,,,,,25,753,,,
NR SA,,,,,25,753,,,
NR SA,,,,,25,753,,,
NR SA,,,,,25,753,,,
NR SA,,,,,25,753,,,
NR SA,,,,,25,753,,,
NR SA,,,,,25,753,,,
NR SA,,,,,25,753,,,
NR SA,,,,,25,753,,,
,,,-80.010942,-4.799846,,,,3.953019,0.298516
NR SA,,,,,25,753,,,
NR SA,,,,,25,753,,,
NR SA,,,,,25,753,,,
NR SA,,,,,25,753,,,
NR SA,,,,,25,753,,,
NR SA,,,,,25,753,,,
NR SA,,,,,25,753,,,
NR SA,,,,,25,753,,,
NR SA,,,,,25,753,,,
NR SA,,,,,25,753,,,
NR SA,,,,,25,753,,,
NR SA,,,,,25,753,,,
NR SA,,,,,25,753,,,
NR SA,,,,,25,753,,,
,,,-79.560309,-3.787379,,,,3.957640,0.294002
NR SA,,,,,25,753,,,
NR SA,,,,,25,753,,,
NR SA,,,,,25,753,,,
NR SA,,,,,25,753,,,
NR SA,,,,,25,753,,,
NR SA,,,,,25,753,,,
NR SA,,,,,25,753,,,
NR SA,,,,,25,753,,,
NR SA,,,,,25,753,,,
NR SA,,,,,25,753,,,
NR SA,,,,,25,753,,,
NR SA,,,,,25,753,,,
NR SA,,,,,25,753,,,
NR SA,,,,,25,753,,,
,,,-79.465395,-3.969876,,,,3.987110,0.300709
NR SA,,,,,25,753,,,
NR SA,,,,,25,753,,,
NR SA,,,,,25,753,,,
NR SA,,,,,25,753,,,
NR SA,,,,,25,753,,,
NR SA,,,,,25,753,,,
NR SA,,,,,25,753,,,
NR SA,,,,,25,753,,,
NR SA,,,,,25,753,,,
NR SA,,,,,25,753,,,
NR SA,,,,,25,753,,,
NR SA,,,,,25,753,,,
NR SA,,,,,25,753,,,
,,,-78.349447,-3.328610,,,,3.929710,0.285103
NR SA,,,,,25,753,,,
NR SA,,,,,25,753,,,
NR SA,,,,,25,753,,,
NR SA,,,,,25,753,,,
NR SA,,,,,25,753,,,
NR SA,,,,,25,753,,,
NR SA,,,,,25,753,,,
NR SA,,,,,25,753,,,
NR SA,,,,,25,753,,,
NR SA,,,,,25,753,,,
NR SA,,,,,25,753,,,
NR SA,,,,,25,753,,,
NR SA,,,,,25,753,,,
NR SA,,,,,25,753,,,
NR SA,,,,,25,753,,,
,,,-79.765823,-3.723097,,,,3.955153,0.296978
NR SA,,,,,25,753,,,
NR SA,,,,,25,753,,,
NR SA,,,,,25,753,,,
NR SA,,,,,25,753,,,
NR SA,,,,,25,753,,,
NR SA,,,,,25,753,,,
NR SA,,,,,25,753,,,
NR SA,,,,,25,753,,,
NR SA,,,,,25,753,,,
NR SA,,,,,25,753,,,
NR SA,,,,,25,753,,,
NR SA,,,,,25,753,,,
NR SA,,,,,25,753,,,
NR SA,,,,,25,753,,,
,,,-79.626299,-5.154060,,,,3.835603,0.325999
NR SA,,,,,25,753,,,
NR SA,,,,,25,753,,,
NR SA,,,,,25,753,,,
NR SA,,,,,25,753,,,
NR SA,,,,,25,753,,,
NR SA,,,,,25,753,,,
NR SA,,,,,25,753,,,
NR SA,,,,,25,753,,,
NR SA,,,,,25,753,,,
NR SA,,,,,25,753,,,
NR SA,,,,,25,753,,,
NR SA,,,,,25,753,,,
NR SA,,,,,25,753,,,
,,,-80.021967,-4.419848,,,,3.682955,0.295099
NR SA,,,,,25,753,,,
NR SA,,,,,25,753,,,
NR SA,,,,,25,753,,,
NR SA,,,,,25,753,,,
NR SA,,,,,25,753,,,
NR SA,,,,,25,753,,,
NR SA,,,,,25,753,,,
NR SA,,,,,25,753,,,
NR SA,,,,,25,753,,,
NR SA,,,,,25,753,,,
NR SA,,,,,25,753,,,
NR SA,,,,,25,753,,,
NR SA,,,,,25,753,,,
NR SA,,,,,25,753,,,
,,,-79.823038,-3.452126,,,,3.873742,0.305023
NR SA,,,,,25,753,,,
NR SA,,,,,25,753,,,
NR SA,,,,,25,753,,,
NR SA,,,,,25,753,,,
NR SA,,,,,25,753,,,
NR SA,,,,,25,753,,,
NR SA,,,,,25,753,,,
NR SA,,,,,25,753,,,
NR SA,,,,,25,753,,,
NR SA,,,,,25,753,,,
NR SA,,,,,25,753,,,
NR SA,,,,,25,753,,,
NR SA,,,,,25,753,,,
NR SA,,,,,25,753,,,
,,,-80.014185,-6.381523,,,,3.992862,0.296223
NR SA,,,,,25,753,,,
NR SA,,,,,25,753,,,
NR SA,,,,,25,753,,,
NR SA,,,,,25,753,,,
NR SA,,,,,25,753,,,
NR SA,,,,,25,753,,,
NR SA,,,,,25,753,,,
NR SA,,,,,25,753,,,
NR SA,,,,,25,753,,,
NR SA,,,,,25,753,,,
NR SA,,,,,25,753,,,
NR SA,,,,,25,753,,,
NR SA,,,,,25,753,,,
NR SA,,,,,25,753,,,
,,,-80.803740,-4.422877,,,,3.887852,0.292416
NR SA,,,,,25,753,,,
NR SA,,,,,25,753,,,
NR SA,,,,,25,753,,,
NR SA,,,,,25,753,,,
NR SA,,,,,25,753,,,
NR SA,,,,,25,753,,,
NR SA,,,,,25,753,,,
NR SA,,,,,25,753,,,
NR SA,,,,,25,753,,,
NR SA,,,,,25,753,,,
NR SA,,,,,25,753,,,
NR SA,,,,,25,753,,,
NR SA,,,,,25,753,,,
NR SA,,,,,25,753,,,
,,,-80.743595,-3.941886,,,,3.916854,0.290461
NR SA,,,,,25,753,,,
NR SA,,,,,25,753,,,
NR SA,,,,,25,753,,,
NR SA,,,,,25,753,,,
NR SA,,,,,25,753,,,
NR SA,,,,,25,753,,,
NR SA,,,,,25,753,,,
NR SA,,,,,25,753,,,
NR SA,,,,,25,753,,,
NR SA,,,,,25,753,,,
NR SA,,,,,25,753,,,
NR SA,,,,,25,753,,,
NR SA,,,,,25,753,,,
NR SA,,,,,25,753,,,
NR SA,,,,,25,753,,,
,,,-80.892423,-4.450189,,,,4.039140,0.298565
NR SA,,,,,25,753,,,
NR SA,,,,,25,753,,,
NR SA,,,,,25,753,,,
NR SA,,,,,25,753,,,
NR SA,,,,,25,753,,,
NR SA,,,,,25,753,,,
NR SA,,,,,25,753,,,
NR SA,,,,,25,753,,,
NR SA,,,,,25,753,,,
NR SA,,,,,25,753,,,
NR SA,,,,,25,753,,,
NR SA,,,,,25,753,,,
NR SA,,,,,25,753,,,
NR SA,,,,,25,753,,,
,,,-80.568213,-5.490198,,,,3.867793,0.294549
NR SA,,,,,25,753,,,
NR SA,,,,,25,753,,,
NR SA,,,,,25,753,,,
NR SA,,,,,25,753,,,
NR SA,,,,,25,753,,,
NR SA,,,,,25,753,,,
NR SA,,,,,25,753,,,
NR SA,,,,,25,753,,,
NR SA,,,,,25,753,,,
NR SA,,,,,25,753,,,
NR SA,,,,,25,753,,,
NR SA,,,,,25,753,,,
NR SA,,,,,25,753,,,
,,,-80.308976,-4.990538,,,,3.886202,0.289409
NR SA,,,,,25,753,,,
NR SA,,,,,25,753,,,
NR SA,,,,,25,753,,,
NR SA,,,,,25,753,,,
NR SA,,,,,25,753,,,
NR SA,,,,,25,753,,,
NR SA,,,,,25,753,,,
NR SA,,,,,25,753,,,
NR SA,,,,,25,753,,,
NR SA,,,,,25,753,,,
NR SA,,,,,25,753,,,
NR SA,,,,,25,753,,,
NR SA,,,,,25,753,,,
NR SA,,,,,25,753,,,
NR SA,,,,,25,753,,,
,,,-80.134328,-5.397568,,,,4.039691,0.298466
NR SA,,,,,25,753,,,
NR SA,,,,,25,753,,,
NR SA,,,,,25,753,,,
NR SA,,,,,25,753,,,
NR SA,,,,,25,753,,,
NR SA,,,,,25,753,,,
NR SA,,,,,25,753,,,
NR SA,,,,,25,753,,,
NR SA,,,,,25,753,,,
NR SA,,,,,25,753,,,
NR SA,,,,,25,753,,,
NR SA,,,,,25,753,,,
NR SA,,,,,25,753,,,
NR SA,,,,,25,753,,,
,,,-80.279903,-3.535324,,,,3.885460,0.298625
NR SA,,,,,25,753,,,
NR SA,,,,,25,753,,,
NR SA,,,,,25,753,,,
NR SA,,,,,25,753,,,
NR SA,,,,,25,753,,,
NR SA,,,,,25,753,,,
NR SA,,,,,25,753,,,
NR SA,,,,,25,753,,,
NR SA,,,,,25,753,,,
NR SA,,,,,25,753,,,
NR SA,,,,,25,753,,,
NR SA,,,,,25,753,,,
NR SA,,,,,25,753,,,
NR SA,,,,,25,753,,,
,,,-80.596768,-3.519861,,,,3.810450,0.296509
NR SA,,,,,25,753,,,
NR SA,,,,,25,753,,,
NR SA,,,,,25,753,,,
NR SA,,,,,25,753,,,
NR SA,,,,,25,753,,,
NR SA,,,,,25,753,,,
NR SA,,,,,25,753,,,
NR SA,,,,,25,753,,,
NR SA,,,,,25,753,,,
NR SA,,,,,25,753,,,
NR SA,,,,,25,753,,,
NR SA,,,,,25,753,,,
NR SA,,,,,25,753,,,
NR SA,,,,,25,753,,,
,,,-78.762645,-5.347433,,,,3.873417,0.293931
NR SA,,,,,25,753,,,
NR SA,,,,,25,753,,,
NR SA,,,,,25,753,,,
NR SA,,,,,25,753,,,
NR SA,,,,,25,753,,,
NR SA,,,,,25,753,,,
NR SA,,,,,25,753,,,
NR SA,,,,,25,753,,,
NR SA,,,,,25,753,,,
NR SA,,,,,25,753,,,
NR SA,,,,,25,753,,,
NR SA,,,,,25,753,,,
NR SA,,,,,25,753,,,
,,,-81.243538,-3.137379,,,,3.873139,0.289251
NR SA,,,,,25,753,,,
NR SA,,,,,25,753,,,
NR SA,,,,,25,753,,,
NR SA,,,,,25,753,,,
NR SA,,,,,25,753,,,
NR SA,,,,,25,753,,,
NR SA,,,,,25,753,,,
NR SA,,,,,25,753,,,
NR SA,,,,,25,753,,,
NR SA,,,,,25,753,,,
NR SA,,,,,25,753,,,
NR SA,,,,,25,753,,,
NR SA,,,,,25,753,,,
NR SA,,,,,25,753,,,
NR SA,,,,,25,753,,,
,,,-82.038472,-2.382268,,,,3.946235,0.297742
NR SA,,,,,25,753,,,
NR SA,,,,,25,753,,,
NR SA,,,,,25,753,,,
NR SA,,,,,25,753,,,
NR SA,,,,,25,753,,,
NR SA,,,,,25,753,,,
NR SA,,,,,25,753,,,
NR SA,,,,,25,753,,,
NR SA,,,,,25,753,,,
NR SA,,,,,25,753,,,
NR SA,,,,,25,753,,,
NR SA,,,,,25,753,,,
NR SA,,,,,25,753,,,
,,,-83.003414,-3.494846,,,,3.938814,0.312350
NR SA,,,,,25,753,,,
NR SA,,,,,25,753,,,
NR SA,,,,,25,753,,,
NR SA,,,,,25,753,,,
NR SA,,,,,25,753,,,
NR SA,,,,,25,753,,,
NR SA,,,,,25,753,,,
NR SA,,,,,25,753,,,
NR SA,,,,,25,753,,,
NR SA,,,,,25,753,,,
NR SA,,,,,25,753,,,
NR SA,,,,,25,753,,,
NR SA,,,,,25,753,,,
NR SA,,,,,25,753,,,
,,,-83.317598,-4.275622,,,,3.969428,0.286684
NR SA,,,,,25,753,,,
NR SA,,,,,25,753,,,
NR SA,,,,,25,753,,,
NR SA,,,,,25,753,,,
NR SA,,,,,25,753,,,
NR SA,,,,,25,753,,,
NR SA,,,,,25,753,,,
NR SA,,,,,25,753,,,
NR SA,,,,,25,753,,,
NR SA,,,,,25,753,,,
NR SA,,,,,25,753,,,
NR SA,,,,,25,753,,,
NR SA,,,,,25,753,,,
NR SA,,,,,25,753,,,
NR SA,,,,,25,753,,,
,,,-82.745177,-4.914647,,,,3.954685,0.294028
NR SA,,,,,25,753,,,
NR SA,,,,,25,753,,,
NR SA,,,,,25,753,,,
NR SA,,,,,25,753,,,
NR SA,,,,,25,753,,,
NR SA,,,,,25,753,,,
NR SA,,,,,25,753,,,
NR SA,,,,,25,753,,,
NR SA,,,,,25,753,,,
NR SA,,,,,25,753,,,
NR SA,,,,,25,753,,,
NR SA,,,,,25,753,,,
NR SA,,,,,25,753,,,
,,,-82.885575,-3.471110,,,,3.879595,0.284648
NR SA,,,,,25,753,,,
NR SA,,,,,25,753,,,
NR SA,,,,,25,753,,,
NR SA,,,,,25,753,,,
NR SA,,,,,25,753,,,
NR SA,,,,,25,753,,,
NR SA,,,,,25,753,,,
NR SA,,,,,25,753,,,
NR SA,,,,,25,753,,,
NR SA,,,,,25,753,,,
NR SA,,,,,25,753,,,
NR SA,,,,,25,753,,,
NR SA,,,,,25,753,,,
NR SA,,,,,25,753,,,
NR SA,,,,,25,753,,,
,,,-81.894863,-3.747850,,,,3.947219,0.285295
NR SA,,,,,25,753,,,
NR SA,,,,,25,753,,,
NR SA,,,,,25,753,,,
NR SA,,,,,25,753,,,
NR SA,,,,,25,753,,,
NR SA,,,,,25,753,,,
NR SA,,,,,25,753,,,
NR SA,,,,,25,753,,,
NR SA,,,,,25,753,,,
NR SA,,,,,25,753,,,
NR SA,,,,,25,753,,,
NR SA,,,,,25,753,,,
NR SA,,,,,25,753,,,
,,,-82.509774,-5.221085,,,,3.939213,0.287550
NR SA,,,,,25,753,,,
NR SA,,,,,25,753,,,
NR SA,,,,,25,753,,,
NR SA,,,,,25,753,,,
NR SA,,,,,25,753,,,
NR SA,,,,,25,753,,,
NR SA,,,,,25,753,,,
NR SA,,,,,25,753,,,
NR SA,,,,,25,753,,,
NR SA,,,,,25,753,,,
NR SA,,,,,25,753,,,
NR SA,,,,,25,753,,,
NR SA,,,,,25,753,,,
NR SA,,,,,25,753,,,
NR SA,,,,,25,753,,,
,,,-83.512796,-4.205680,,,,3.987470,0.297258
NR SA,,,,,25,753,,,
NR SA,,,,,25,753,,,
NR SA,,,,,25,753,,,
NR SA,,,,,25,753,,,
NR SA,,,,,25,753,,,
NR SA,,,,,25,753,,,
NR SA,,,,,25,753,,,
NR SA,,,,,25,753,,,
NR SA,,,,,25,753,,,
NR SA,,,,,25,753,,,
NR SA,,,,,25,753,,,
NR SA,,,,,25,753,,,
NR SA,,,,,25,753,,,
,,,-82.915091,-4.288786,,,,3.875633,0.287794
NR SA,,,,,25,753,,,
NR SA,,,,,25,753,,,
NR SA,,,,,25,753,,,
NR SA,,,,,25,753,,,
NR SA,,,,,25,753,,,
NR SA,,,,,25,753,,,
NR SA,,,,,25,753,,,
NR SA,,,,,25,753,,,
NR SA,,,,,25,753,,,
NR SA,,,,,25,753,,,
NR SA,,,,,25,753,,,
NR SA,,,,,25,753,,,
NR SA,,,,,25,753,,,
NR SA,,,,,25,753,,,
NR SA,,,,,25,753,,,
,,,-82.059285,-4.441224,,,,3.902197,0.283497
NR SA,,,,,25,753,,,
NR SA,,,,,25,753,,,
NR SA,,,,,25,753,,,
NR SA,,,,,25,753,,,
NR SA,,,,,25,753,,,
NR SA,,,,,25,753,,,
NR SA,,,,,25,753,,,
NR SA,,,,,25,753,,,
NR SA,,,,,25,753,,,
NR SA,,,,,25,753,,,
NR SA,,,,,25,753,,,
NR SA,,,,,25,753,,,
NR SA,,,,,25,753,,,
NR SA,,,,,25,753,,,
,,,-83.000179,-4.227975,,,,3.619021,0.285320
NR SA,,,,,25,753,,,
,,,,,25,753,,,
,,,,,25,753,,,
,,,,,25,753,,,
,,,,,25,753,,,
,,,,,25,753,,,
,,,,,25,753,,,
,,,,,25,753,,,
,,,,,25,753,,,
,,,,,25,753,,,
NR SA,,,,,25,753,,,
NR SA,,,,,25,753,,,
NR SA,,,,,25,753,,,
NR SA,,,,,25,753,,,
,,,-83.502817,-5.502886,,,,3.951447,0.296138
NR SA,,,,,25,753,,,
NR SA,,,,,25,753,,,
NR SA,,,,,25,753,,,
NR SA,,,,,25,753,,,
NR SA,,,,,25,753,,,
NR SA,,,,,25,753,,,
NR SA,,,,,25,753,,,
NR SA,,,,,25,753,,,
NR SA,,,,,25,753,,,
NR SA,,,,,25,753,,,
NR SA,,,,,25,753,,,
NR SA,,,,,25,753,,,
NR SA,,,,,25,753,,,
,,,-83.297777,-4.339937,,,,3.913880,0.285752
NR SA,,,,,25,753,,,
NR SA,,,,,25,753,,,
NR SA,,,,,25,753,,,
NR SA,,,,,25,753,,,
NR SA,,,,,25,753,,,
NR SA,,,,,25,753,,,
NR SA,,,,,25,753,,,
NR SA,,,,,25,753,,,
NR SA,,,,,25,753,,,
,,,,,25,753,,,
,,,,,25,753,,,
,,,,,25,753,,,
,,,,,25,753,,,
,,,,,25,753,,,
,,,,,25,753,,,
,,,-83.559491,-3.763610,,,,1.823547,0.283988
,,,,,25,753,,,
,,,,,25,753,,,
,,,,,25,753,,,
,,,,,25,753,,,
NR SA,,,,,25,753,,,
NR SA,,,,,25,753,,,
NR SA,,,,,25,753,,,
NR SA,,,,,25,753,,,
NR SA,,,,,25,753,,,
NR SA,,,,,25,753,,,
NR SA,,,,,25,753,,,
NR SA,,,,,25,753,,,
NR SA,,,,,25,753,,,
,,,-82.511436,-4.128337,,,,3.978181,0.300296
NR SA,,,,,25,753,,,
NR SA,,,,,25,753,,,
NR SA,,,,,25,753,,,
NR SA,,,,,25,753,,,
NR SA,,,,,25,753,,,
NR SA,,,,,25,753,,,
NR SA,,,,,25,753,,,
NR SA,,,,,25,753,,,
NR SA,,,,,25,753,,,
NR SA,,,,,25,753,,,
NR SA,,,,,25,753,,,
NR SA,,,,,25,753,,,
NR SA,,,,,25,753,,,
NR SA,,,,,25,753,,,
,,,-82.290121,-4.221146,,,,3.927941,0.301105
NR SA,,,,,25,753,,,
NR SA,,,,,25,753,,,
NR SA,,,,,25,753,,,
NR SA,,,,,25,753,,,
NR SA,,,,,25,753,,,
NR SA,,,,,25,753,,,
NR SA,,,,,25,753,,,
NR SA,,,,,25,753,,,
NR SA,,,,,25,753,,,
NR SA,,,,,25,753,,,
NR SA,,,,,25,753,,,
NR SA,,,,,25,753,,,
NR SA,,,,,25,753,,,
NR SA,,,,,25,753,,,
NR SA,,,,,25,753,,,
,,,-83.271953,-6.003969,,,,3.894291,0.290331
NR SA,,,,,25,753,,,
NR SA,,,,,25,753,,,
NR SA,,,,,25,753,,,
NR SA,,,,,25,753,,,
NR SA,,,,,25,753,,,
NR SA,,,,,25,753,,,
NR SA,,,,,25,753,,,
NR SA,,,,,25,753,,,
NR SA,,,,,25,753,,,
NR SA,,,,,25,753,,,
NR SA,,,,,25,753,,,
NR SA,,,,,25,753,,,
NR SA,,,,,25,753,,,
,,,-84.314539,-4.465661,,,,4.007944,0.288050
NR SA,,,,,25,753,,,
NR SA,,,,,25,753,,,
NR SA,,,,,25,753,,,
NR SA,,,,,25,753,,,
NR SA,,,,,25,753,,,
NR SA,,,,,25,753,,,
NR SA,,,,,25,753,,,
NR SA,,,,,25,753,,,
NR SA,,,,,25,753,,,
NR SA,,,,,25,753,,,
NR SA,,,,,25,753,,,
NR SA,,,,,25,753,,,
NR SA,,,,,25,753,,,
NR SA,,,,,25,753,,,
NR SA,,,,,25,753,,,
NR SA,,,,,25,753,,,
,,,-82.995713,-2.542360,,,,3.983223,0.297064
NR SA,,,,,25,753,,,
NR SA,,,,,25,753,,,
NR SA,,,,,25,753,,,
NR SA,,,,,25,753,,,
NR SA,,,,,25,753,,,
NR SA,,,,,25,753,,,
